Title_ID,Title,Type,Country,Genre,Rating,Release_Year,Date_Added,Duration_Minutes,IMDb_Rating
NF0001,Netflix Title 1,Movie,United States,Documentary,TV-14,2017,2021-07-25,154,5.9
NF0002,Netflix Title 2,Movie,Brazil,Sci-Fi,TV-MA,2010,2021-01-18,87,6.4
NF0003,Netflix Title 3,Movie,Germany,Thriller,TV-PG,2023,2022-06-21,117,7.9
NF0004,Netflix Title 4,Movie,United Kingdom,Sci-Fi,PG-13,2018,2021-09-28,87,9.3
NF0005,Netflix Title 5,TV Show,India,Comedy,R,2013,2024-01-10,6,7.9
NF0006,Netflix Title 6,Movie,France,Animation,TV-MA,2022,2020-11-18,130,6.7
NF0007,Netflix Title 7,TV Show,Brazil,Thriller,TV-PG,2012,2020-07-06,4,8.6
NF0008,Netflix Title 8,Movie,Canada,Comedy,R,2018,2025-01-31,141,8.8
NF0009,Netflix Title 9,Movie,South Korea,Romance,TV-14,2018,2020-10-19,137,8.0
NF0010,Netflix Title 10,Movie,United Kingdom,Crime,R,2018,2022-06-18,147,6.8
NF0011,Netflix Title 11,Movie,Canada,Drama,PG-13,2022,2023-01-01,68,6.3
NF0012,Netflix Title 12,TV Show,Canada,Crime,R,2024,2021-08-08,5,6.1
NF0013,Netflix Title 13,TV Show,Brazil,Sci-Fi,PG,2022,2024-01-22,4,9.5
NF0014,Netflix Title 14,Movie,Germany,Crime,TV-MA,2011,2021-03-25,79,8.0
NF0015,Netflix Title 15,TV Show,Brazil,Comedy,R,2022,2025-04-01,9,6.5
NF0016,Netflix Title 16,Movie,India,Animation,PG-13,2020,2021-04-01,97,7.2
NF0017,Netflix Title 17,TV Show,United States,Documentary,PG,2015,2025-09-10,2,9.0
NF0018,Netflix Title 18,TV Show,Germany,Horror,TV-14,2014,2024-03-11,3,7.7
NF0019,Netflix Title 19,Movie,Brazil,Romance,R,2010,2021-04-03,178,7.0
NF0020,Netflix Title 20,TV Show,Canada,Drama,TV-14,2012,2020-12-16,8,8.8
NF0021,Netflix Title 21,Movie,United Kingdom,Crime,PG,2015,2022-12-21,127,9.0
NF0022,Netflix Title 22,TV Show,Canada,Animation,TV-PG,2016,2023-06-30,7,9.5
NF0023,Netflix Title 23,TV Show,France,Animation,R,2013,2022-10-12,4,5.8
NF0024,Netflix Title 24,Movie,Brazil,Animation,TV-14,2017,2020-01-30,69,8.3
NF0025,Netflix Title 25,Movie,Canada,Comedy,TV-MA,2020,2020-10-17,125,6.5
NF0026,Netflix Title 26,TV Show,Canada,Animation,TV-14,2025,2022-09-22,8,8.7
NF0027,Netflix Title 27,Movie,India,Comedy,TV-PG,2023,2023-12-22,114,7.1
NF0028,Netflix Title 28,Movie,India,Drama,R,2020,2021-03-23,91,6.3
NF0029,Netflix Title 29,TV Show,United Kingdom,Sci-Fi,TV-14,2018,2025-03-09,4,9.0
NF0030,Netflix Title 30,Movie,France,Animation,TV-MA,2011,2020-03-01,71,9.2
NF0031,Netflix Title 31,Movie,United Kingdom,Sci-Fi,R,2025,2022-05-25,170,7.1
NF0032,Netflix Title 32,Movie,United Kingdom,Sci-Fi,TV-MA,2022,2022-12-22,178,8.6
NF0033,Netflix Title 33,TV Show,Japan,Sci-Fi,TV-PG,2025,2021-09-26,4,6.7
NF0034,Netflix Title 34,Movie,Brazil,Animation,TV-MA,2020,2020-08-22,66,7.8
NF0035,Netflix Title 35,Movie,United States,Animation,TV-MA,2015,2020-10-07,136,5.8
NF0036,Netflix Title 36,Movie,Spain,Comedy,PG,2017,2020-06-11,139,5.8
NF0037,Netflix Title 37,TV Show,Japan,Thriller,TV-PG,2020,2022-09-04,5,7.1
NF0038,Netflix Title 38,TV Show,France,Romance,TV-MA,2010,2025-02-20,10,9.5
NF0039,Netflix Title 39,Movie,India,Animation,TV-14,2018,2021-06-26,179,6.9
NF0040,Netflix Title 40,Movie,Canada,Romance,PG-13,2015,2024-11-29,166,7.7
NF0041,Netflix Title 41,TV Show,Brazil,Animation,TV-MA,2019,2021-02-28,3,6.6
NF0042,Netflix Title 42,Movie,Germany,Action,PG-13,2019,2022-05-12,151,6.9
NF0043,Netflix Title 43,TV Show,Germany,Crime,PG-13,2011,2021-01-13,7,8.8
NF0044,Netflix Title 44,Movie,United States,Romance,TV-14,2018,2021-10-23,154,7.3
NF0045,Netflix Title 45,TV Show,Germany,Drama,TV-MA,2012,2021-09-02,9,5.6
NF0046,Netflix Title 46,TV Show,Brazil,Animation,TV-14,2023,2021-06-06,1,6.7
NF0047,Netflix Title 47,Movie,South Korea,Thriller,TV-PG,2017,2021-02-25,105,8.6
NF0048,Netflix Title 48,TV Show,Brazil,Action,TV-14,2015,2021-12-26,7,5.6
NF0049,Netflix Title 49,TV Show,Spain,Thriller,PG-13,2015,2021-03-18,7,9.0
NF0050,Netflix Title 50,TV Show,Canada,Thriller,R,2021,2023-06-04,4,6.4
NF0051,Netflix Title 51,Movie,Spain,Romance,PG-13,2012,2023-02-17,104,8.1
NF0052,Netflix Title 52,TV Show,Germany,Romance,TV-MA,2013,2022-12-05,3,7.8
NF0053,Netflix Title 53,TV Show,United States,Comedy,PG,2023,2023-11-16,6,7.2
NF0054,Netflix Title 54,Movie,Spain,Horror,TV-14,2018,2020-06-30,150,7.2
NF0055,Netflix Title 55,Movie,South Korea,Sci-Fi,TV-MA,2020,2023-07-09,144,8.9
NF0056,Netflix Title 56,TV Show,Germany,Documentary,TV-PG,2023,2023-08-29,7,8.3
NF0057,Netflix Title 57,Movie,Canada,Sci-Fi,TV-PG,2022,2021-12-13,138,7.8
NF0058,Netflix Title 58,TV Show,Germany,Drama,PG-13,2019,2022-05-10,7,8.6
NF0059,Netflix Title 59,TV Show,France,Crime,R,2016,2025-09-24,8,8.7
NF0060,Netflix Title 60,Movie,India,Documentary,PG,2020,2021-01-17,164,9.3
NF0061,Netflix Title 61,Movie,Japan,Thriller,TV-14,2014,2020-04-10,65,6.5
NF0062,Netflix Title 62,TV Show,Brazil,Comedy,R,2023,2022-03-07,7,7.5
NF0063,Netflix Title 63,Movie,United Kingdom,Drama,TV-MA,2023,2022-06-15,82,8.7
NF0064,Netflix Title 64,TV Show,United States,Animation,TV-14,2013,2025-02-12,3,8.7
NF0065,Netflix Title 65,TV Show,France,Horror,TV-PG,2023,2024-12-31,3,8.5
NF0066,Netflix Title 66,TV Show,France,Documentary,TV-14,2018,2025-11-05,8,8.0
NF0067,Netflix Title 67,TV Show,France,Comedy,TV-PG,2019,2022-08-18,5,6.8
NF0068,Netflix Title 68,Movie,United Kingdom,Action,TV-14,2022,2021-09-17,150,6.4
NF0069,Netflix Title 69,TV Show,Spain,Romance,PG,2024,2024-08-30,1,6.3
NF0070,Netflix Title 70,TV Show,Spain,Horror,TV-PG,2010,2024-04-07,8,5.5
NF0071,Netflix Title 71,TV Show,Japan,Sci-Fi,R,2017,2025-06-22,4,6.6
NF0072,Netflix Title 72,TV Show,United States,Sci-Fi,PG-13,2022,2021-11-07,8,9.2
NF0073,Netflix Title 73,Movie,Spain,Horror,PG,2010,2020-12-09,142,7.2
NF0074,Netflix Title 74,TV Show,United Kingdom,Drama,PG-13,2022,2023-09-02,4,7.3
NF0075,Netflix Title 75,TV Show,Spain,Documentary,R,2018,2020-12-01,8,5.6
NF0076,Netflix Title 76,Movie,South Korea,Thriller,TV-PG,2012,2020-06-13,156,5.6
NF0077,Netflix Title 77,Movie,Canada,Drama,PG,2014,2022-09-04,76,7.4
NF0078,Netflix Title 78,Movie,Brazil,Thriller,R,2018,2024-02-19,81,7.9
NF0079,Netflix Title 79,Movie,United Kingdom,Documentary,TV-MA,2010,2023-07-01,133,8.2
NF0080,Netflix Title 80,TV Show,Spain,Thriller,TV-MA,2017,2021-02-21,5,8.9
NF0081,Netflix Title 81,Movie,Brazil,Drama,PG-13,2023,2024-02-26,68,7.5
NF0082,Netflix Title 82,TV Show,United States,Sci-Fi,R,2013,2024-11-10,6,8.0
NF0083,Netflix Title 83,TV Show,United Kingdom,Sci-Fi,TV-14,2018,2025-06-03,8,7.2
NF0084,Netflix Title 84,TV Show,South Korea,Thriller,TV-MA,2018,2025-01-20,4,8.5
NF0085,Netflix Title 85,TV Show,South Korea,Drama,R,2020,2022-01-14,8,6.3
NF0086,Netflix Title 86,TV Show,South Korea,Documentary,PG,2018,2020-02-11,9,9.3
NF0087,Netflix Title 87,Movie,Canada,Sci-Fi,R,2017,2025-05-04,142,8.3
NF0088,Netflix Title 88,TV Show,United States,Comedy,PG-13,2017,2024-07-14,4,6.7
NF0089,Netflix Title 89,TV Show,France,Animation,PG,2021,2024-10-08,9,6.8
NF0090,Netflix Title 90,TV Show,Japan,Documentary,PG-13,2017,2021-05-09,4,6.8
NF0091,Netflix Title 91,Movie,Canada,Thriller,TV-PG,2025,2023-02-06,152,7.9
NF0092,Netflix Title 92,TV Show,India,Thriller,PG-13,2017,2024-01-18,3,6.7
NF0093,Netflix Title 93,Movie,Japan,Drama,TV-MA,2019,2021-06-01,141,9.0
NF0094,Netflix Title 94,TV Show,India,Drama,PG,2019,2025-04-06,8,7.3
NF0095,Netflix Title 95,Movie,United States,Documentary,R,2013,2020-09-24,111,7.5
NF0096,Netflix Title 96,Movie,United Kingdom,Action,PG,2019,2020-12-14,91,6.0
NF0097,Netflix Title 97,TV Show,Brazil,Horror,PG,2017,2025-11-10,7,7.3
NF0098,Netflix Title 98,TV Show,Japan,Horror,R,2019,2020-09-03,10,9.3
NF0099,Netflix Title 99,Movie,Canada,Thriller,PG-13,2012,2021-10-05,90,6.2
NF0100,Netflix Title 100,Movie,United Kingdom,Drama,R,2024,2025-04-08,97,5.6
NF0101,Netflix Title 101,TV Show,Japan,Crime,TV-MA,2017,2022-12-19,10,8.1
NF0102,Netflix Title 102,Movie,Spain,Comedy,PG,2017,2021-09-02,176,6.6
NF0103,Netflix Title 103,Movie,India,Drama,TV-14,2019,2023-03-28,116,6.0
NF0104,Netflix Title 104,TV Show,Spain,Documentary,PG,2025,2024-11-28,2,7.9
NF0105,Netflix Title 105,TV Show,South Korea,Horror,PG-13,2010,2021-01-09,4,9.3
NF0106,Netflix Title 106,Movie,Japan,Horror,TV-MA,2015,2025-04-11,126,8.1
NF0107,Netflix Title 107,TV Show,United Kingdom,Horror,R,2025,2021-01-08,8,6.9
NF0108,Netflix Title 108,TV Show,South Korea,Comedy,TV-14,2020,2024-08-13,8,6.7
NF0109,Netflix Title 109,TV Show,Germany,Drama,R,2012,2023-07-12,5,6.8
NF0110,Netflix Title 110,TV Show,Germany,Drama,TV-PG,2024,2024-08-19,1,6.3
NF0111,Netflix Title 111,TV Show,Brazil,Crime,TV-PG,2024,2020-07-30,4,6.6
NF0112,Netflix Title 112,Movie,Japan,Crime,TV-PG,2025,2021-05-12,63,9.4
NF0113,Netflix Title 113,Movie,United Kingdom,Documentary,PG,2010,2024-07-29,71,6.4
NF0114,Netflix Title 114,Movie,France,Comedy,TV-PG,2014,2025-08-03,179,8.4
NF0115,Netflix Title 115,TV Show,Spain,Crime,R,2017,2025-02-13,9,6.1
NF0116,Netflix Title 116,Movie,Brazil,Animation,TV-PG,2014,2020-10-12,95,8.6
NF0117,Netflix Title 117,TV Show,South Korea,Animation,PG-13,2010,2023-03-04,5,8.8
NF0118,Netflix Title 118,TV Show,United Kingdom,Crime,PG,2025,2023-11-14,6,7.7
NF0119,Netflix Title 119,TV Show,France,Romance,TV-14,2017,2024-04-17,4,8.9
NF0120,Netflix Title 120,TV Show,United States,Romance,TV-PG,2025,2024-04-10,7,9.5
NF0121,Netflix Title 121,Movie,France,Drama,TV-14,2020,2021-02-15,171,8.9
NF0122,Netflix Title 122,Movie,Germany,Crime,TV-MA,2014,2024-08-06,171,8.1
NF0123,Netflix Title 123,Movie,India,Crime,PG-13,2020,2024-06-16,143,5.8
NF0124,Netflix Title 124,TV Show,Germany,Sci-Fi,PG-13,2025,2020-05-27,10,5.8
NF0125,Netflix Title 125,TV Show,Canada,Comedy,R,2013,2021-02-15,8,6.2
NF0126,Netflix Title 126,TV Show,United States,Drama,PG-13,2011,2023-04-16,6,7.0
NF0127,Netflix Title 127,Movie,Canada,Animation,R,2015,2021-11-27,82,5.8
NF0128,Netflix Title 128,TV Show,Brazil,Thriller,R,2014,2022-08-09,8,8.1
NF0129,Netflix Title 129,TV Show,Japan,Drama,R,2019,2021-10-09,2,7.3
NF0130,Netflix Title 130,TV Show,Brazil,Documentary,TV-PG,2023,2022-10-21,8,8.9
NF0131,Netflix Title 131,Movie,Spain,Crime,TV-MA,2017,2024-04-11,133,6.9
NF0132,Netflix Title 132,TV Show,Japan,Drama,TV-PG,2022,2023-01-29,1,7.8
NF0133,Netflix Title 133,Movie,Brazil,Crime,PG-13,2017,2023-12-14,88,8.0
NF0134,Netflix Title 134,TV Show,United Kingdom,Comedy,TV-PG,2011,2023-06-19,8,5.6
NF0135,Netflix Title 135,TV Show,United Kingdom,Comedy,PG-13,2020,2024-08-28,3,6.3
NF0136,Netflix Title 136,TV Show,Germany,Animation,PG-13,2015,2022-11-18,8,9.4
NF0137,Netflix Title 137,TV Show,South Korea,Comedy,R,2012,2021-07-30,4,8.9
NF0138,Netflix Title 138,TV Show,Germany,Romance,TV-MA,2022,2020-02-27,5,7.6
NF0139,Netflix Title 139,TV Show,South Korea,Documentary,PG,2022,2024-03-01,2,8.2
NF0140,Netflix Title 140,TV Show,United States,Horror,PG,2020,2022-06-25,2,8.0
NF0141,Netflix Title 141,TV Show,Japan,Sci-Fi,TV-MA,2014,2020-07-04,1,6.7
NF0142,Netflix Title 142,TV Show,India,Comedy,TV-14,2014,2024-05-10,8,7.0
NF0143,Netflix Title 143,TV Show,Brazil,Action,R,2013,2025-06-27,10,7.1
NF0144,Netflix Title 144,TV Show,United States,Romance,TV-14,2024,2024-12-26,4,8.9
NF0145,Netflix Title 145,Movie,South Korea,Animation,TV-PG,2021,2020-09-05,110,6.6
NF0146,Netflix Title 146,Movie,France,Comedy,TV-PG,2016,2020-03-28,66,8.6
NF0147,Netflix Title 147,Movie,United Kingdom,Horror,TV-14,2012,2022-04-28,135,6.4
NF0148,Netflix Title 148,Movie,South Korea,Action,PG,2010,2023-02-09,169,9.4
NF0149,Netflix Title 149,Movie,Germany,Documentary,TV-14,2013,2020-04-15,76,5.6
NF0150,Netflix Title 150,Movie,Brazil,Romance,TV-MA,2015,2022-12-22,66,6.0
NF0151,Netflix Title 151,TV Show,Germany,Comedy,TV-PG,2012,2025-05-04,8,8.6
NF0152,Netflix Title 152,Movie,France,Animation,TV-14,2011,2025-11-05,98,7.3
NF0153,Netflix Title 153,Movie,United States,Crime,R,2023,2021-03-18,122,8.3
NF0154,Netflix Title 154,TV Show,India,Comedy,PG-13,2014,2020-09-26,3,6.6
NF0155,Netflix Title 155,TV Show,Spain,Horror,PG,2019,2025-02-01,9,7.9
NF0156,Netflix Title 156,Movie,India,Animation,TV-PG,2016,2024-10-27,117,9.1
NF0157,Netflix Title 157,TV Show,South Korea,Crime,R,2023,2021-01-24,6,7.2
NF0158,Netflix Title 158,TV Show,South Korea,Action,TV-PG,2025,2020-10-01,2,8.8
NF0159,Netflix Title 159,Movie,Spain,Comedy,TV-PG,2021,2021-06-16,131,5.7
NF0160,Netflix Title 160,TV Show,India,Sci-Fi,PG-13,2023,2020-07-29,5,7.9
NF0161,Netflix Title 161,TV Show,India,Horror,PG,2016,2021-09-25,8,6.4
NF0162,Netflix Title 162,Movie,South Korea,Animation,PG-13,2013,2023-02-15,133,6.4
NF0163,Netflix Title 163,TV Show,Germany,Horror,PG,2010,2022-12-31,1,6.2
NF0164,Netflix Title 164,TV Show,South Korea,Romance,TV-MA,2015,2021-08-09,10,8.1
NF0165,Netflix Title 165,Movie,United Kingdom,Drama,TV-MA,2016,2024-03-20,113,7.3
NF0166,Netflix Title 166,Movie,South Korea,Documentary,TV-PG,2020,2020-12-13,173,5.7
NF0167,Netflix Title 167,Movie,Brazil,Drama,TV-PG,2012,2023-01-19,116,8.1
NF0168,Netflix Title 168,TV Show,Brazil,Crime,R,2018,2022-06-01,9,6.0
NF0169,Netflix Title 169,TV Show,India,Documentary,TV-PG,2025,2025-11-28,5,5.7
NF0170,Netflix Title 170,TV Show,Brazil,Drama,TV-MA,2016,2023-05-19,4,8.6
NF0171,Netflix Title 171,TV Show,Japan,Romance,TV-MA,2010,2025-07-30,7,6.2
NF0172,Netflix Title 172,TV Show,Germany,Thriller,PG,2021,2020-10-22,7,8.9
NF0173,Netflix Title 173,Movie,Spain,Drama,R,2012,2023-07-06,133,7.2
NF0174,Netflix Title 174,TV Show,Spain,Documentary,TV-MA,2022,2020-03-26,6,6.2
NF0175,Netflix Title 175,TV Show,South Korea,Comedy,R,2013,2022-09-23,7,7.9
NF0176,Netflix Title 176,Movie,Spain,Documentary,TV-PG,2020,2022-06-26,102,8.6
NF0177,Netflix Title 177,Movie,Germany,Comedy,PG,2016,2023-12-02,104,8.4
NF0178,Netflix Title 178,Movie,Canada,Comedy,TV-14,2018,2022-03-19,82,7.9
NF0179,Netflix Title 179,Movie,United Kingdom,Crime,R,2024,2023-08-16,170,9.4
NF0180,Netflix Title 180,TV Show,United Kingdom,Crime,TV-MA,2025,2024-12-16,5,8.7
NF0181,Netflix Title 181,Movie,South Korea,Animation,TV-MA,2019,2025-03-06,117,5.7
NF0182,Netflix Title 182,TV Show,Japan,Comedy,TV-PG,2012,2025-09-07,7,7.4
NF0183,Netflix Title 183,Movie,France,Horror,TV-PG,2016,2023-08-09,137,7.4
NF0184,Netflix Title 184,Movie,United States,Crime,TV-MA,2020,2020-12-11,124,8.1
NF0185,Netflix Title 185,Movie,Canada,Crime,R,2015,2024-01-30,107,9.2
NF0186,Netflix Title 186,TV Show,Spain,Romance,TV-PG,2011,2023-10-02,2,6.8
NF0187,Netflix Title 187,TV Show,Japan,Documentary,TV-PG,2014,2023-09-27,2,7.8
NF0188,Netflix Title 188,Movie,South Korea,Documentary,TV-PG,2022,2021-06-12,136,8.3
NF0189,Netflix Title 189,Movie,Japan,Animation,R,2020,2021-06-07,145,8.3
NF0190,Netflix Title 190,Movie,Spain,Animation,PG-13,2010,2024-01-25,99,6.2
NF0191,Netflix Title 191,Movie,South Korea,Crime,TV-14,2017,2021-07-17,79,5.8
NF0192,Netflix Title 192,Movie,Germany,Animation,TV-PG,2011,2023-10-11,172,8.6
NF0193,Netflix Title 193,Movie,Brazil,Sci-Fi,TV-14,2015,2022-01-10,166,8.3
NF0194,Netflix Title 194,Movie,France,Drama,R,2021,2022-08-30,116,7.9
NF0195,Netflix Title 195,TV Show,Canada,Animation,TV-14,2019,2025-04-05,4,7.0
NF0196,Netflix Title 196,TV Show,France,Documentary,R,2023,2021-10-25,4,8.7
NF0197,Netflix Title 197,Movie,Japan,Drama,TV-PG,2025,2024-02-29,130,9.2
NF0198,Netflix Title 198,Movie,Japan,Comedy,TV-14,2018,2025-01-14,175,7.6
NF0199,Netflix Title 199,TV Show,India,Thriller,R,2021,2020-04-19,7,5.7
NF0200,Netflix Title 200,TV Show,Canada,Sci-Fi,TV-MA,2021,2022-07-08,1,6.8
NF0201,Netflix Title 201,Movie,South Korea,Action,TV-14,2011,2023-03-21,177,8.8
NF0202,Netflix Title 202,Movie,France,Crime,PG,2010,2020-11-20,62,6.5
NF0203,Netflix Title 203,Movie,Germany,Horror,PG,2023,2021-03-31,159,6.7
NF0204,Netflix Title 204,TV Show,India,Drama,TV-14,2023,2025-02-15,2,5.9
NF0205,Netflix Title 205,TV Show,Brazil,Animation,TV-MA,2017,2021-08-11,5,7.2
NF0206,Netflix Title 206,TV Show,Canada,Horror,R,2015,2020-12-16,9,9.4
NF0207,Netflix Title 207,Movie,Germany,Animation,PG,2010,2024-05-18,171,7.4
NF0208,Netflix Title 208,TV Show,South Korea,Documentary,TV-PG,2010,2024-01-02,2,6.9
NF0209,Netflix Title 209,Movie,Brazil,Romance,TV-14,2011,2023-12-14,129,6.9
NF0210,Netflix Title 210,Movie,France,Crime,TV-PG,2015,2021-07-06,68,8.4
NF0211,Netflix Title 211,TV Show,United States,Documentary,TV-14,2011,2022-03-28,1,6.8
NF0212,Netflix Title 212,TV Show,Germany,Sci-Fi,PG,2025,2022-11-03,1,8.5
NF0213,Netflix Title 213,Movie,Japan,Romance,TV-MA,2020,2023-01-24,75,8.7
NF0214,Netflix Title 214,TV Show,Spain,Crime,R,2020,2022-02-04,8,8.3
NF0215,Netflix Title 215,TV Show,Germany,Documentary,TV-MA,2023,2020-11-19,7,7.9
NF0216,Netflix Title 216,Movie,Germany,Documentary,PG-13,2013,2020-11-23,101,8.1
NF0217,Netflix Title 217,TV Show,France,Horror,TV-PG,2023,2021-11-13,8,6.9
NF0218,Netflix Title 218,Movie,South Korea,Horror,R,2018,2020-08-22,69,8.2
NF0219,Netflix Title 219,TV Show,South Korea,Animation,TV-PG,2015,2020-05-07,3,8.9
NF0220,Netflix Title 220,TV Show,United States,Action,TV-MA,2017,2024-02-09,6,7.0
NF0221,Netflix Title 221,Movie,Brazil,Action,TV-PG,2024,2024-02-28,107,7.3
NF0222,Netflix Title 222,Movie,Brazil,Action,PG,2021,2024-06-18,100,8.1
NF0223,Netflix Title 223,Movie,India,Drama,TV-PG,2015,2025-08-06,126,7.0
NF0224,Netflix Title 224,Movie,Japan,Documentary,TV-PG,2024,2022-05-28,138,6.6
NF0225,Netflix Title 225,TV Show,Canada,Comedy,TV-14,2012,2025-01-25,3,9.1
NF0226,Netflix Title 226,TV Show,India,Romance,TV-PG,2021,2020-09-22,9,7.7
NF0227,Netflix Title 227,TV Show,United Kingdom,Action,PG-13,2017,2021-05-12,4,8.7
NF0228,Netflix Title 228,Movie,France,Drama,PG-13,2021,2025-03-29,162,9.4
NF0229,Netflix Title 229,Movie,Brazil,Comedy,TV-MA,2019,2024-06-18,151,8.4
NF0230,Netflix Title 230,TV Show,Spain,Horror,TV-MA,2014,2023-07-22,2,7.3
NF0231,Netflix Title 231,TV Show,United Kingdom,Animation,TV-PG,2015,2021-06-12,7,7.5
NF0232,Netflix Title 232,Movie,India,Animation,TV-14,2019,2021-11-05,80,6.8
NF0233,Netflix Title 233,Movie,South Korea,Animation,PG-13,2012,2022-10-23,85,8.0
NF0234,Netflix Title 234,TV Show,United Kingdom,Documentary,PG,2012,2025-08-20,3,7.9
NF0235,Netflix Title 235,Movie,United Kingdom,Horror,TV-PG,2020,2020-06-17,165,9.0
NF0236,Netflix Title 236,Movie,United States,Horror,PG-13,2016,2024-09-02,139,8.1
NF0237,Netflix Title 237,TV Show,Germany,Documentary,TV-PG,2019,2025-06-01,4,8.7
NF0238,Netflix Title 238,TV Show,Japan,Crime,TV-MA,2011,2021-10-09,8,7.2
NF0239,Netflix Title 239,TV Show,Canada,Romance,PG,2014,2023-07-04,6,8.4
NF0240,Netflix Title 240,TV Show,Spain,Action,PG-13,2013,2023-07-31,4,7.4
NF0241,Netflix Title 241,TV Show,France,Thriller,TV-14,2013,2020-07-26,5,9.3
NF0242,Netflix Title 242,TV Show,Canada,Action,PG-13,2020,2022-02-16,3,7.5
NF0243,Netflix Title 243,TV Show,France,Documentary,R,2010,2021-01-03,7,7.5
NF0244,Netflix Title 244,Movie,Canada,Horror,PG-13,2011,2020-07-26,96,7.5
NF0245,Netflix Title 245,TV Show,Japan,Animation,TV-MA,2013,2024-10-31,3,9.0
NF0246,Netflix Title 246,TV Show,Spain,Romance,TV-MA,2022,2020-07-28,10,7.7
NF0247,Netflix Title 247,TV Show,Germany,Documentary,TV-MA,2022,2025-08-27,8,8.6
NF0248,Netflix Title 248,TV Show,Brazil,Horror,TV-MA,2014,2021-01-31,7,7.0
NF0249,Netflix Title 249,TV Show,Germany,Romance,TV-14,2016,2025-09-16,7,7.5
NF0250,Netflix Title 250,Movie,United States,Action,TV-PG,2020,2025-04-24,126,7.3
NF0251,Netflix Title 251,Movie,South Korea,Horror,PG-13,2015,2024-05-28,138,8.5
NF0252,Netflix Title 252,TV Show,Brazil,Romance,PG,2025,2023-05-12,8,8.8
NF0253,Netflix Title 253,TV Show,South Korea,Comedy,R,2019,2020-04-19,10,7.4
NF0254,Netflix Title 254,Movie,United States,Horror,R,2015,2025-11-17,140,8.4
NF0255,Netflix Title 255,TV Show,United Kingdom,Thriller,TV-MA,2013,2022-02-20,1,7.3
NF0256,Netflix Title 256,TV Show,United Kingdom,Sci-Fi,TV-PG,2016,2024-08-07,9,8.6
NF0257,Netflix Title 257,TV Show,United States,Action,PG,2016,2023-08-24,8,7.6
NF0258,Netflix Title 258,TV Show,United Kingdom,Crime,PG,2020,2023-12-22,5,7.9
NF0259,Netflix Title 259,Movie,Canada,Documentary,PG,2019,2022-07-10,180,9.4
NF0260,Netflix Title 260,TV Show,Japan,Thriller,TV-PG,2025,2023-07-22,8,6.9
NF0261,Netflix Title 261,TV Show,Japan,Comedy,PG,2022,2024-06-04,6,9.3
NF0262,Netflix Title 262,Movie,Japan,Drama,PG-13,2012,2023-11-19,178,7.3
NF0263,Netflix Title 263,TV Show,France,Thriller,TV-14,2018,2023-01-17,3,5.9
NF0264,Netflix Title 264,Movie,Canada,Drama,TV-PG,2017,2022-08-11,66,5.9
NF0265,Netflix Title 265,TV Show,France,Comedy,TV-PG,2014,2020-01-22,9,9.4
NF0266,Netflix Title 266,Movie,Spain,Crime,R,2016,2023-03-22,101,6.6
NF0267,Netflix Title 267,Movie,India,Horror,TV-14,2011,2021-12-18,113,9.0
NF0268,Netflix Title 268,Movie,United States,Sci-Fi,R,2015,2023-03-31,172,5.6
NF0269,Netflix Title 269,TV Show,Brazil,Horror,TV-MA,2020,2023-03-11,8,9.5
NF0270,Netflix Title 270,TV Show,United Kingdom,Animation,R,2018,2022-02-28,2,6.8
NF0271,Netflix Title 271,TV Show,Japan,Action,TV-MA,2020,2023-04-23,10,8.2
NF0272,Netflix Title 272,Movie,United Kingdom,Horror,TV-PG,2022,2024-10-17,125,6.8
NF0273,Netflix Title 273,TV Show,India,Action,TV-14,2025,2023-08-18,4,5.5
NF0274,Netflix Title 274,TV Show,Canada,Crime,PG-13,2020,2023-05-21,10,8.4
NF0275,Netflix Title 275,Movie,Japan,Romance,TV-PG,2017,2020-09-11,145,6.0
NF0276,Netflix Title 276,TV Show,United Kingdom,Sci-Fi,TV-PG,2019,2021-04-25,5,7.0
NF0277,Netflix Title 277,Movie,Canada,Action,R,2014,2025-02-06,155,9.5
NF0278,Netflix Title 278,TV Show,Spain,Animation,R,2016,2022-10-10,10,9.0
NF0279,Netflix Title 279,Movie,Germany,Crime,PG,2021,2020-11-15,177,7.8
NF0280,Netflix Title 280,Movie,Germany,Animation,TV-14,2014,2021-11-04,101,8.9
NF0281,Netflix Title 281,TV Show,India,Thriller,TV-PG,2025,2021-01-07,9,7.3
NF0282,Netflix Title 282,Movie,France,Action,PG,2023,2025-02-14,132,5.7
NF0283,Netflix Title 283,TV Show,Japan,Drama,R,2018,2020-01-13,4,7.8
NF0284,Netflix Title 284,Movie,Spain,Romance,TV-PG,2012,2020-09-03,179,9.1
NF0285,Netflix Title 285,TV Show,United States,Documentary,R,2015,2021-07-08,7,7.0
NF0286,Netflix Title 286,TV Show,France,Sci-Fi,R,2012,2021-06-28,6,6.0
NF0287,Netflix Title 287,TV Show,Germany,Action,TV-PG,2017,2020-01-15,1,9.4
NF0288,Netflix Title 288,TV Show,Germany,Sci-Fi,PG,2022,2022-07-29,4,7.3
NF0289,Netflix Title 289,Movie,Japan,Thriller,TV-PG,2013,2020-05-11,163,8.1
NF0290,Netflix Title 290,Movie,Canada,Thriller,TV-MA,2013,2020-05-17,117,7.9
NF0291,Netflix Title 291,Movie,Canada,Drama,R,2024,2022-08-17,129,6.4
NF0292,Netflix Title 292,Movie,United Kingdom,Animation,PG-13,2017,2023-07-30,133,7.9
NF0293,Netflix Title 293,TV Show,Canada,Documentary,TV-14,2017,2024-08-20,5,6.6
NF0294,Netflix Title 294,Movie,Spain,Animation,R,2011,2023-11-11,180,8.1
NF0295,Netflix Title 295,TV Show,Germany,Romance,TV-PG,2023,2024-07-30,3,6.7
NF0296,Netflix Title 296,Movie,Germany,Crime,TV-14,2017,2023-05-16,169,8.3
NF0297,Netflix Title 297,TV Show,United States,Animation,R,2023,2025-12-10,3,7.1
NF0298,Netflix Title 298,TV Show,Canada,Romance,TV-PG,2012,2025-01-16,6,5.9
NF0299,Netflix Title 299,Movie,United States,Documentary,R,2011,2020-10-25,84,8.7
NF0300,Netflix Title 300,Movie,France,Thriller,PG-13,2019,2020-03-03,87,9.2
NF0301,Netflix Title 301,Movie,France,Thriller,TV-PG,2016,2024-06-12,177,6.5
NF0302,Netflix Title 302,TV Show,Japan,Sci-Fi,R,2021,2023-06-17,5,6.9
NF0303,Netflix Title 303,TV Show,France,Comedy,TV-PG,2025,2023-08-04,4,7.0
NF0304,Netflix Title 304,TV Show,United States,Horror,TV-14,2014,2020-03-07,5,7.7
NF0305,Netflix Title 305,TV Show,Japan,Action,TV-14,2020,2022-07-31,7,7.8
NF0306,Netflix Title 306,Movie,France,Animation,TV-PG,2020,2022-11-20,157,8.8
NF0307,Netflix Title 307,TV Show,France,Action,TV-PG,2021,2021-11-24,3,8.4
NF0308,Netflix Title 308,TV Show,United Kingdom,Animation,TV-PG,2011,2025-11-16,1,8.9
NF0309,Netflix Title 309,Movie,United States,Drama,R,2014,2022-08-05,68,8.3
NF0310,Netflix Title 310,Movie,Canada,Animation,R,2021,2020-09-04,139,8.1
NF0311,Netflix Title 311,TV Show,France,Drama,TV-MA,2023,2020-02-18,1,7.6
NF0312,Netflix Title 312,TV Show,Germany,Documentary,TV-MA,2023,2022-01-04,2,9.2
NF0313,Netflix Title 313,Movie,Canada,Thriller,PG,2018,2023-12-22,94,8.7
NF0314,Netflix Title 314,Movie,South Korea,Sci-Fi,R,2017,2022-07-14,98,8.2
NF0315,Netflix Title 315,Movie,United States,Comedy,R,2022,2024-03-24,130,7.4
NF0316,Netflix Title 316,Movie,United Kingdom,Comedy,R,2023,2023-09-18,132,9.4
NF0317,Netflix Title 317,Movie,Germany,Drama,TV-14,2016,2025-05-01,94,5.7
NF0318,Netflix Title 318,Movie,Japan,Animation,PG,2011,2022-01-04,178,8.9
NF0319,Netflix Title 319,Movie,Canada,Horror,TV-14,2022,2020-11-11,98,6.1
NF0320,Netflix Title 320,Movie,Brazil,Sci-Fi,TV-PG,2020,2024-04-21,156,8.5
NF0321,Netflix Title 321,Movie,Germany,Romance,TV-MA,2013,2024-11-25,89,8.9
NF0322,Netflix Title 322,TV Show,Brazil,Horror,PG,2022,2023-08-29,1,8.0
NF0323,Netflix Title 323,TV Show,France,Thriller,PG-13,2022,2024-11-03,3,8.2
NF0324,Netflix Title 324,TV Show,India,Horror,PG-13,2017,2020-10-28,2,6.6
NF0325,Netflix Title 325,TV Show,United Kingdom,Sci-Fi,PG-13,2021,2021-03-12,2,5.5
NF0326,Netflix Title 326,TV Show,France,Romance,PG-13,2013,2021-06-26,2,6.2
NF0327,Netflix Title 327,TV Show,Germany,Animation,PG,2023,2021-02-27,1,5.9
NF0328,Netflix Title 328,Movie,Brazil,Horror,PG-13,2022,2020-02-20,97,7.2
NF0329,Netflix Title 329,Movie,Germany,Thriller,PG,2015,2024-04-08,81,6.1
NF0330,Netflix Title 330,TV Show,Japan,Crime,TV-14,2012,2021-11-15,7,6.6
NF0331,Netflix Title 331,TV Show,France,Comedy,PG-13,2018,2022-10-07,8,7.9
NF0332,Netflix Title 332,Movie,France,Comedy,TV-14,2019,2020-01-28,110,6.8
NF0333,Netflix Title 333,TV Show,South Korea,Crime,PG-13,2023,2021-07-11,5,6.8
NF0334,Netflix Title 334,Movie,France,Romance,TV-14,2022,2023-07-31,97,8.4
NF0335,Netflix Title 335,TV Show,Brazil,Thriller,PG-13,2022,2023-02-22,7,7.0
NF0336,Netflix Title 336,Movie,Brazil,Animation,TV-14,2010,2025-03-05,180,8.3
NF0337,Netflix Title 337,TV Show,Japan,Comedy,R,2025,2021-07-24,5,6.5
NF0338,Netflix Title 338,Movie,Spain,Sci-Fi,TV-MA,2024,2025-05-16,134,7.1
NF0339,Netflix Title 339,TV Show,Germany,Drama,PG-13,2012,2021-03-23,4,8.1
NF0340,Netflix Title 340,TV Show,United Kingdom,Horror,TV-MA,2022,2023-09-20,7,5.9
NF0341,Netflix Title 341,Movie,Japan,Thriller,PG,2017,2024-12-30,107,7.1
NF0342,Netflix Title 342,Movie,South Korea,Drama,R,2013,2023-04-25,113,9.2
NF0343,Netflix Title 343,Movie,India,Action,PG-13,2019,2023-11-06,118,8.6
NF0344,Netflix Title 344,TV Show,South Korea,Crime,TV-MA,2024,2025-01-27,6,5.8
NF0345,Netflix Title 345,Movie,India,Drama,PG-13,2013,2021-11-04,179,9.4
NF0346,Netflix Title 346,Movie,Germany,Action,PG,2015,2023-09-17,131,7.2
NF0347,Netflix Title 347,TV Show,Canada,Sci-Fi,TV-PG,2015,2022-02-02,7,7.1
NF0348,Netflix Title 348,Movie,France,Horror,R,2022,2020-01-19,150,6.4
NF0349,Netflix Title 349,TV Show,India,Horror,TV-MA,2015,2024-02-07,6,6.3
NF0350,Netflix Title 350,Movie,Japan,Crime,PG,2020,2024-05-10,138,7.1
NF0351,Netflix Title 351,Movie,South Korea,Romance,R,2015,2023-05-03,177,8.0
NF0352,Netflix Title 352,Movie,United Kingdom,Romance,TV-MA,2017,2023-06-04,74,6.2
NF0353,Netflix Title 353,Movie,Germany,Sci-Fi,R,2014,2024-04-20,114,6.2
NF0354,Netflix Title 354,Movie,Germany,Action,R,2019,2021-07-28,83,6.8
NF0355,Netflix Title 355,TV Show,Brazil,Drama,PG-13,2010,2025-06-07,3,6.3
NF0356,Netflix Title 356,TV Show,Germany,Animation,TV-PG,2025,2024-08-02,8,7.2
NF0357,Netflix Title 357,TV Show,France,Action,TV-MA,2010,2022-06-22,5,5.6
NF0358,Netflix Title 358,Movie,Germany,Documentary,TV-14,2024,2025-07-21,130,7.5
NF0359,Netflix Title 359,Movie,Japan,Animation,PG-13,2011,2024-12-12,129,6.4
NF0360,Netflix Title 360,TV Show,India,Thriller,PG-13,2011,2025-01-16,5,6.9
NF0361,Netflix Title 361,Movie,France,Comedy,TV-14,2016,2023-12-07,170,8.3
NF0362,Netflix Title 362,TV Show,United Kingdom,Horror,TV-14,2016,2022-04-27,1,7.8
NF0363,Netflix Title 363,TV Show,Brazil,Animation,TV-14,2020,2023-04-13,5,7.8
NF0364,Netflix Title 364,Movie,United Kingdom,Sci-Fi,TV-MA,2018,2021-06-03,149,9.0
NF0365,Netflix Title 365,Movie,United Kingdom,Romance,TV-14,2022,2025-06-27,78,7.8
NF0366,Netflix Title 366,TV Show,Spain,Sci-Fi,R,2012,2021-01-16,7,7.6
NF0367,Netflix Title 367,TV Show,South Korea,Crime,R,2020,2020-01-11,2,8.4
NF0368,Netflix Title 368,TV Show,South Korea,Comedy,PG,2022,2022-06-11,7,8.8
NF0369,Netflix Title 369,TV Show,Japan,Romance,PG-13,2020,2021-06-18,10,8.9
NF0370,Netflix Title 370,TV Show,United States,Drama,TV-MA,2024,2020-03-07,2,9.2
NF0371,Netflix Title 371,Movie,France,Crime,TV-MA,2023,2022-04-08,148,9.1
NF0372,Netflix Title 372,TV Show,United Kingdom,Documentary,TV-MA,2021,2022-10-22,2,7.0
NF0373,Netflix Title 373,Movie,United States,Sci-Fi,TV-PG,2019,2022-08-17,114,8.1
NF0374,Netflix Title 374,Movie,United States,Thriller,R,2012,2021-06-27,135,6.4
NF0375,Netflix Title 375,TV Show,United States,Drama,TV-PG,2020,2021-05-08,7,8.3
NF0376,Netflix Title 376,TV Show,India,Thriller,R,2012,2021-02-23,2,6.8
NF0377,Netflix Title 377,TV Show,United Kingdom,Sci-Fi,TV-14,2014,2020-10-07,9,7.8
NF0378,Netflix Title 378,Movie,France,Romance,TV-PG,2016,2021-09-12,177,7.1
NF0379,Netflix Title 379,TV Show,Canada,Comedy,TV-MA,2014,2021-05-19,10,8.4
NF0380,Netflix Title 380,TV Show,Spain,Romance,TV-14,2017,2023-02-08,2,6.5
NF0381,Netflix Title 381,TV Show,United States,Documentary,TV-14,2016,2024-05-23,5,8.1
NF0382,Netflix Title 382,Movie,France,Sci-Fi,TV-MA,2017,2025-08-08,141,7.9
NF0383,Netflix Title 383,Movie,South Korea,Romance,TV-14,2022,2024-09-19,106,7.7
NF0384,Netflix Title 384,Movie,France,Comedy,TV-MA,2012,2020-02-26,93,6.4
NF0385,Netflix Title 385,Movie,Spain,Animation,PG-13,2023,2024-09-30,149,7.1
NF0386,Netflix Title 386,Movie,Japan,Comedy,PG-13,2012,2025-09-25,177,6.3
NF0387,Netflix Title 387,Movie,Germany,Romance,R,2012,2023-06-24,149,7.2
NF0388,Netflix Title 388,Movie,United States,Thriller,TV-MA,2023,2021-04-20,118,7.9
NF0389,Netflix Title 389,Movie,Japan,Action,TV-MA,2010,2021-07-16,149,5.5
NF0390,Netflix Title 390,TV Show,South Korea,Animation,PG,2018,2021-11-14,6,6.0
NF0391,Netflix Title 391,TV Show,India,Drama,PG-13,2023,2023-01-19,9,5.8
NF0392,Netflix Title 392,Movie,France,Crime,PG,2021,2020-08-15,123,8.9
NF0393,Netflix Title 393,Movie,South Korea,Action,PG-13,2013,2021-04-17,89,8.5
NF0394,Netflix Title 394,Movie,United States,Drama,TV-14,2011,2025-04-16,106,7.0
NF0395,Netflix Title 395,Movie,United Kingdom,Drama,PG,2023,2022-07-08,101,6.5
NF0396,Netflix Title 396,TV Show,Japan,Comedy,PG,2021,2021-05-04,9,8.2
NF0397,Netflix Title 397,Movie,United Kingdom,Thriller,PG,2011,2024-06-30,68,9.0
NF0398,Netflix Title 398,TV Show,Japan,Romance,TV-MA,2024,2020-02-02,6,6.3
NF0399,Netflix Title 399,TV Show,Brazil,Thriller,R,2021,2025-07-13,4,8.4
NF0400,Netflix Title 400,Movie,United Kingdom,Drama,R,2010,2022-08-12,129,6.9
NF0401,Netflix Title 401,Movie,South Korea,Drama,TV-PG,2022,2023-06-13,73,6.3
NF0402,Netflix Title 402,Movie,Spain,Crime,TV-MA,2014,2023-02-20,71,5.7
NF0403,Netflix Title 403,Movie,Germany,Sci-Fi,TV-PG,2021,2025-02-20,155,5.8
NF0404,Netflix Title 404,Movie,Germany,Action,TV-PG,2022,2020-11-02,135,7.8
NF0405,Netflix Title 405,TV Show,United Kingdom,Thriller,PG-13,2018,2023-07-14,7,8.3
NF0406,Netflix Title 406,TV Show,South Korea,Crime,PG-13,2017,2020-11-01,4,6.0
NF0407,Netflix Title 407,Movie,United Kingdom,Comedy,TV-14,2024,2025-03-23,100,7.1
NF0408,Netflix Title 408,TV Show,Canada,Crime,PG-13,2024,2022-12-21,2,5.9
NF0409,Netflix Title 409,TV Show,Brazil,Drama,TV-14,2020,2021-08-30,2,8.3
NF0410,Netflix Title 410,TV Show,Spain,Animation,TV-MA,2019,2022-12-01,3,5.6
NF0411,Netflix Title 411,TV Show,France,Animation,TV-PG,2017,2021-01-22,8,5.9
NF0412,Netflix Title 412,Movie,India,Drama,TV-MA,2017,2021-06-19,85,8.8
NF0413,Netflix Title 413,TV Show,India,Horror,PG,2018,2020-11-03,1,9.5
NF0414,Netflix Title 414,Movie,France,Action,TV-MA,2020,2021-05-16,65,9.3
NF0415,Netflix Title 415,Movie,United Kingdom,Horror,R,2022,2025-07-25,63,7.0
NF0416,Netflix Title 416,TV Show,United Kingdom,Romance,TV-14,2015,2023-01-31,5,7.3
NF0417,Netflix Title 417,Movie,United States,Horror,PG,2017,2023-04-23,123,7.1
NF0418,Netflix Title 418,TV Show,United States,Comedy,PG-13,2022,2021-07-16,7,6.3
NF0419,Netflix Title 419,Movie,Germany,Drama,R,2021,2025-05-18,129,8.6
NF0420,Netflix Title 420,TV Show,Brazil,Animation,PG-13,2022,2023-01-12,3,5.6
NF0421,Netflix Title 421,Movie,United States,Documentary,TV-MA,2025,2025-12-08,105,8.6
NF0422,Netflix Title 422,Movie,United Kingdom,Comedy,TV-14,2017,2022-12-27,128,8.8
NF0423,Netflix Title 423,Movie,Canada,Horror,R,2021,2021-12-12,82,6.4
NF0424,Netflix Title 424,TV Show,South Korea,Horror,TV-MA,2021,2021-08-05,10,9.3
NF0425,Netflix Title 425,TV Show,Germany,Documentary,TV-14,2025,2020-06-04,2,5.7
NF0426,Netflix Title 426,Movie,United States,Animation,R,2010,2023-09-20,177,8.0
NF0427,Netflix Title 427,Movie,South Korea,Action,PG-13,2011,2020-03-30,78,7.8
NF0428,Netflix Title 428,Movie,India,Animation,PG-13,2012,2024-03-10,150,9.3
NF0429,Netflix Title 429,TV Show,Brazil,Comedy,PG-13,2019,2023-08-14,3,9.4
NF0430,Netflix Title 430,TV Show,France,Romance,TV-14,2021,2022-07-03,10,8.8
NF0431,Netflix Title 431,TV Show,Japan,Documentary,TV-14,2015,2020-01-08,10,7.1
NF0432,Netflix Title 432,Movie,United Kingdom,Horror,PG-13,2017,2021-03-02,179,7.5
NF0433,Netflix Title 433,TV Show,India,Thriller,PG-13,2020,2021-11-18,2,8.8
NF0434,Netflix Title 434,TV Show,France,Drama,PG-13,2016,2022-10-19,2,6.9
NF0435,Netflix Title 435,Movie,United States,Drama,R,2024,2024-09-14,81,9.0
NF0436,Netflix Title 436,TV Show,Spain,Romance,PG,2022,2021-02-19,8,8.7
NF0437,Netflix Title 437,Movie,United Kingdom,Crime,TV-MA,2011,2023-04-22,62,6.8
NF0438,Netflix Title 438,Movie,India,Romance,TV-14,2022,2021-10-21,153,5.8
NF0439,Netflix Title 439,Movie,South Korea,Horror,PG,2025,2020-05-06,115,9.3
NF0440,Netflix Title 440,Movie,Brazil,Sci-Fi,TV-14,2011,2021-02-18,102,6.3
NF0441,Netflix Title 441,Movie,Spain,Animation,TV-PG,2018,2023-02-27,98,6.5
NF0442,Netflix Title 442,Movie,Spain,Horror,PG,2025,2021-09-21,66,6.9
NF0443,Netflix Title 443,TV Show,India,Documentary,TV-PG,2025,2022-03-28,2,5.6
NF0444,Netflix Title 444,Movie,Japan,Comedy,R,2013,2023-06-17,160,7.1
NF0445,Netflix Title 445,TV Show,Japan,Comedy,TV-PG,2022,2022-01-27,6,9.0
NF0446,Netflix Title 446,TV Show,United Kingdom,Crime,TV-MA,2018,2024-12-06,8,6.6
NF0447,Netflix Title 447,TV Show,Brazil,Drama,TV-14,2013,2020-12-17,6,8.7
NF0448,Netflix Title 448,TV Show,Brazil,Thriller,PG,2011,2024-05-04,9,7.2
NF0449,Netflix Title 449,TV Show,Brazil,Thriller,R,2019,2020-11-19,7,9.1
NF0450,Netflix Title 450,Movie,Germany,Horror,PG,2014,2021-05-07,156,7.3
NF0451,Netflix Title 451,Movie,Canada,Thriller,TV-14,2011,2024-09-30,70,9.5
NF0452,Netflix Title 452,TV Show,Canada,Action,PG,2018,2023-08-02,2,5.8
NF0453,Netflix Title 453,TV Show,Germany,Romance,PG-13,2024,2020-02-20,10,7.9
NF0454,Netflix Title 454,TV Show,India,Sci-Fi,TV-14,2014,2021-02-14,2,7.8
NF0455,Netflix Title 455,Movie,Japan,Animation,PG-13,2023,2022-12-17,109,8.1
NF0456,Netflix Title 456,TV Show,United States,Action,PG-13,2022,2021-08-12,10,7.9
NF0457,Netflix Title 457,TV Show,United States,Sci-Fi,PG-13,2017,2020-07-20,8,9.2
NF0458,Netflix Title 458,TV Show,United States,Romance,PG-13,2019,2023-02-22,8,8.9
NF0459,Netflix Title 459,Movie,Canada,Action,PG-13,2024,2023-08-07,94,8.4
NF0460,Netflix Title 460,Movie,Canada,Crime,TV-14,2023,2025-06-07,157,7.6
NF0461,Netflix Title 461,TV Show,United States,Animation,TV-14,2012,2023-06-28,9,7.1
NF0462,Netflix Title 462,Movie,United Kingdom,Thriller,TV-14,2011,2022-10-18,64,7.3
NF0463,Netflix Title 463,TV Show,Canada,Documentary,PG-13,2024,2025-08-30,7,8.0
NF0464,Netflix Title 464,Movie,United States,Thriller,PG-13,2025,2025-01-01,82,9.3
NF0465,Netflix Title 465,TV Show,Brazil,Animation,PG-13,2021,2021-10-31,5,8.5
NF0466,Netflix Title 466,Movie,Japan,Drama,R,2011,2021-10-29,169,7.8
NF0467,Netflix Title 467,Movie,Canada,Thriller,TV-PG,2016,2023-01-07,143,7.1
NF0468,Netflix Title 468,Movie,United States,Crime,TV-14,2015,2020-02-04,88,6.5
NF0469,Netflix Title 469,TV Show,Japan,Sci-Fi,R,2021,2025-02-23,5,6.4
NF0470,Netflix Title 470,TV Show,Germany,Horror,R,2013,2020-01-31,9,9.5
NF0471,Netflix Title 471,TV Show,Germany,Horror,PG,2019,2023-05-07,2,7.4
NF0472,Netflix Title 472,TV Show,Japan,Romance,PG-13,2018,2023-05-08,4,6.1
NF0473,Netflix Title 473,Movie,United States,Horror,R,2020,2021-07-27,152,5.6
NF0474,Netflix Title 474,TV Show,Japan,Documentary,R,2022,2024-05-09,1,7.8
NF0475,Netflix Title 475,Movie,South Korea,Thriller,TV-PG,2025,2024-01-08,124,6.7
NF0476,Netflix Title 476,Movie,Germany,Action,PG-13,2013,2025-04-12,76,8.5
NF0477,Netflix Title 477,Movie,South Korea,Comedy,TV-14,2021,2022-07-03,155,9.0
NF0478,Netflix Title 478,TV Show,South Korea,Romance,PG-13,2019,2025-03-14,2,7.4
NF0479,Netflix Title 479,Movie,France,Thriller,PG,2013,2024-04-12,127,6.7
NF0480,Netflix Title 480,Movie,United Kingdom,Action,TV-14,2020,2024-08-03,132,9.1
NF0481,Netflix Title 481,TV Show,United Kingdom,Romance,TV-PG,2015,2020-11-27,8,6.8
NF0482,Netflix Title 482,Movie,South Korea,Drama,TV-MA,2024,2023-01-25,86,8.5
NF0483,Netflix Title 483,Movie,Brazil,Action,R,2012,2021-06-14,138,7.2
NF0484,Netflix Title 484,TV Show,Spain,Sci-Fi,R,2022,2020-01-20,1,7.6
NF0485,Netflix Title 485,TV Show,United States,Romance,PG,2016,2020-03-14,1,8.0
NF0486,Netflix Title 486,Movie,Canada,Romance,PG-13,2014,2021-02-24,109,7.5
NF0487,Netflix Title 487,TV Show,United Kingdom,Comedy,TV-MA,2019,2023-04-06,8,8.4
NF0488,Netflix Title 488,TV Show,Spain,Action,PG-13,2025,2024-01-11,4,6.2
NF0489,Netflix Title 489,TV Show,United States,Thriller,TV-14,2014,2022-05-15,1,7.9
NF0490,Netflix Title 490,Movie,India,Romance,TV-PG,2011,2024-03-16,172,8.1
NF0491,Netflix Title 491,Movie,Brazil,Drama,TV-PG,2013,2020-03-21,66,8.3
NF0492,Netflix Title 492,TV Show,France,Sci-Fi,TV-MA,2018,2025-04-27,3,6.3
NF0493,Netflix Title 493,Movie,Japan,Sci-Fi,TV-PG,2013,2025-11-01,94,8.0
NF0494,Netflix Title 494,Movie,Spain,Comedy,PG,2013,2023-03-03,74,8.6
NF0495,Netflix Title 495,TV Show,Canada,Horror,TV-14,2018,2025-11-12,4,6.9
NF0496,Netflix Title 496,TV Show,Japan,Action,TV-MA,2025,2022-04-30,8,6.8
NF0497,Netflix Title 497,Movie,United States,Comedy,TV-MA,2025,2021-09-02,71,8.6
NF0498,Netflix Title 498,Movie,India,Documentary,TV-PG,2017,2025-02-13,97,6.6
NF0499,Netflix Title 499,Movie,India,Action,TV-MA,2019,2024-01-15,162,8.2
NF0500,Netflix Title 500,TV Show,India,Comedy,TV-MA,2010,2021-07-20,3,6.8
NF0501,Netflix Title 501,TV Show,Brazil,Documentary,TV-PG,2012,2024-03-06,6,6.2
NF0502,Netflix Title 502,TV Show,Spain,Crime,PG-13,2022,2025-05-12,7,8.1
NF0503,Netflix Title 503,Movie,India,Action,TV-PG,2011,2021-10-14,73,7.2
NF0504,Netflix Title 504,TV Show,Brazil,Crime,TV-14,2022,2024-01-08,10,5.6
NF0505,Netflix Title 505,Movie,France,Crime,TV-MA,2023,2024-12-10,65,5.8
NF0506,Netflix Title 506,TV Show,United States,Animation,TV-PG,2017,2023-10-17,9,7.6
NF0507,Netflix Title 507,Movie,Spain,Thriller,R,2021,2024-04-25,79,8.9
NF0508,Netflix Title 508,Movie,United States,Action,PG,2025,2025-07-23,171,6.2
NF0509,Netflix Title 509,TV Show,South Korea,Thriller,PG-13,2018,2020-07-25,9,6.4
NF0510,Netflix Title 510,TV Show,Spain,Thriller,TV-MA,2024,2024-12-24,10,7.3
NF0511,Netflix Title 511,TV Show,France,Romance,TV-MA,2025,2020-03-13,2,7.1
NF0512,Netflix Title 512,Movie,Germany,Animation,TV-MA,2012,2023-06-01,173,7.5
NF0513,Netflix Title 513,Movie,France,Romance,PG-13,2011,2022-07-02,168,7.3
NF0514,Netflix Title 514,TV Show,South Korea,Crime,TV-MA,2013,2022-06-27,1,6.9
NF0515,Netflix Title 515,TV Show,Germany,Animation,PG-13,2013,2020-07-06,3,7.5
NF0516,Netflix Title 516,TV Show,India,Documentary,PG,2016,2022-02-07,2,9.2
NF0517,Netflix Title 517,TV Show,Canada,Crime,TV-14,2020,2021-03-17,7,5.7
NF0518,Netflix Title 518,Movie,France,Crime,TV-PG,2014,2025-08-05,60,7.6
NF0519,Netflix Title 519,Movie,Germany,Sci-Fi,PG,2025,2025-09-13,159,9.2
NF0520,Netflix Title 520,Movie,Brazil,Action,TV-PG,2014,2021-02-28,109,8.1
NF0521,Netflix Title 521,TV Show,Germany,Sci-Fi,R,2017,2023-01-25,7,9.4
NF0522,Netflix Title 522,TV Show,France,Action,TV-14,2023,2025-09-29,5,8.9
NF0523,Netflix Title 523,TV Show,Germany,Thriller,TV-14,2016,2023-04-05,6,9.2
NF0524,Netflix Title 524,Movie,United Kingdom,Animation,PG,2020,2021-04-17,157,6.9
NF0525,Netflix Title 525,TV Show,Brazil,Horror,TV-PG,2023,2025-12-26,5,9.0
NF0526,Netflix Title 526,TV Show,United States,Animation,TV-MA,2010,2024-04-09,3,5.7
NF0527,Netflix Title 527,Movie,Canada,Documentary,TV-14,2019,2022-10-23,78,8.9
NF0528,Netflix Title 528,TV Show,Canada,Animation,TV-MA,2021,2025-01-27,2,8.0
NF0529,Netflix Title 529,Movie,Germany,Sci-Fi,TV-14,2019,2020-07-11,178,7.0
NF0530,Netflix Title 530,TV Show,South Korea,Animation,TV-MA,2010,2022-10-26,4,8.0
NF0531,Netflix Title 531,TV Show,Canada,Romance,PG,2016,2022-03-03,5,7.3
NF0532,Netflix Title 532,Movie,United Kingdom,Action,TV-PG,2013,2024-03-25,65,7.2
NF0533,Netflix Title 533,TV Show,United Kingdom,Action,PG,2018,2020-01-24,6,7.4
NF0534,Netflix Title 534,Movie,United States,Action,PG-13,2011,2023-05-18,122,8.7
NF0535,Netflix Title 535,TV Show,India,Romance,PG,2017,2022-01-23,9,5.8
NF0536,Netflix Title 536,Movie,Spain,Animation,PG,2022,2021-01-11,104,6.4
NF0537,Netflix Title 537,Movie,South Korea,Romance,PG-13,2019,2022-06-13,156,8.0
NF0538,Netflix Title 538,TV Show,Germany,Drama,TV-MA,2021,2024-12-30,4,9.1
NF0539,Netflix Title 539,Movie,United States,Romance,R,2013,2024-04-29,92,7.7
NF0540,Netflix Title 540,TV Show,United States,Animation,PG-13,2024,2025-06-16,1,6.7
NF0541,Netflix Title 541,Movie,South Korea,Animation,TV-MA,2013,2021-11-16,158,7.7
NF0542,Netflix Title 542,Movie,India,Thriller,TV-PG,2016,2024-10-03,166,5.9
NF0543,Netflix Title 543,TV Show,India,Action,TV-MA,2024,2023-09-20,1,5.9
NF0544,Netflix Title 544,Movie,United Kingdom,Documentary,PG,2012,2022-07-21,176,6.5
NF0545,Netflix Title 545,TV Show,France,Sci-Fi,R,2020,2020-03-10,7,8.2
NF0546,Netflix Title 546,Movie,Brazil,Comedy,TV-PG,2011,2020-10-24,105,9.2
NF0547,Netflix Title 547,Movie,Japan,Documentary,PG,2012,2023-02-27,157,9.2
NF0548,Netflix Title 548,TV Show,Spain,Drama,R,2015,2025-12-25,4,6.0
NF0549,Netflix Title 549,TV Show,Germany,Documentary,TV-PG,2014,2023-05-05,6,9.3
NF0550,Netflix Title 550,Movie,Germany,Animation,TV-14,2013,2020-06-20,60,7.8
NF0551,Netflix Title 551,TV Show,Germany,Animation,TV-MA,2019,2022-05-10,6,6.3
NF0552,Netflix Title 552,Movie,United Kingdom,Action,TV-14,2018,2022-03-06,74,6.2
NF0553,Netflix Title 553,Movie,Germany,Crime,TV-PG,2012,2023-04-05,145,5.8
NF0554,Netflix Title 554,Movie,Canada,Horror,R,2020,2024-01-02,76,8.2
NF0555,Netflix Title 555,Movie,India,Documentary,PG,2012,2022-03-03,100,7.4
NF0556,Netflix Title 556,TV Show,Brazil,Documentary,TV-PG,2014,2024-02-01,6,9.3
NF0557,Netflix Title 557,Movie,United States,Romance,TV-14,2017,2024-11-21,95,8.9
NF0558,Netflix Title 558,Movie,South Korea,Crime,R,2024,2024-01-09,159,6.7
NF0559,Netflix Title 559,Movie,United Kingdom,Horror,TV-MA,2018,2021-07-27,174,7.7
NF0560,Netflix Title 560,TV Show,India,Comedy,TV-MA,2010,2024-07-17,10,6.4
NF0561,Netflix Title 561,Movie,Germany,Documentary,PG,2025,2021-08-31,106,7.1
NF0562,Netflix Title 562,TV Show,United Kingdom,Crime,PG,2012,2024-06-13,6,7.5
NF0563,Netflix Title 563,Movie,Brazil,Action,PG,2014,2025-01-01,80,6.2
NF0564,Netflix Title 564,Movie,France,Romance,TV-MA,2017,2025-06-20,89,5.8
NF0565,Netflix Title 565,TV Show,Canada,Drama,TV-PG,2016,2025-10-22,6,7.1
NF0566,Netflix Title 566,TV Show,United States,Drama,TV-PG,2020,2021-02-26,9,8.0
NF0567,Netflix Title 567,TV Show,Japan,Horror,PG,2015,2024-03-22,7,7.0
NF0568,Netflix Title 568,Movie,Germany,Documentary,R,2017,2025-10-16,111,6.9
NF0569,Netflix Title 569,TV Show,France,Crime,PG,2010,2025-08-17,3,7.3
NF0570,Netflix Title 570,Movie,India,Animation,TV-PG,2018,2022-05-16,79,6.2
NF0571,Netflix Title 571,TV Show,Brazil,Comedy,TV-PG,2017,2024-08-25,6,8.4
NF0572,Netflix Title 572,TV Show,France,Crime,TV-14,2015,2024-08-10,1,6.5
NF0573,Netflix Title 573,Movie,Brazil,Horror,TV-14,2014,2025-09-30,65,9.1
NF0574,Netflix Title 574,Movie,United States,Action,PG-13,2015,2025-10-17,111,7.9
NF0575,Netflix Title 575,Movie,Japan,Comedy,TV-14,2024,2025-04-14,171,7.4
NF0576,Netflix Title 576,Movie,Spain,Horror,TV-14,2015,2025-09-23,93,6.2
NF0577,Netflix Title 577,TV Show,France,Horror,PG,2012,2022-07-30,7,7.0
NF0578,Netflix Title 578,Movie,United States,Thriller,PG,2023,2021-09-04,137,5.9
NF0579,Netflix Title 579,TV Show,Brazil,Horror,TV-MA,2013,2021-01-16,8,8.1
NF0580,Netflix Title 580,Movie,Spain,Animation,R,2021,2020-06-26,149,7.6
NF0581,Netflix Title 581,Movie,France,Sci-Fi,PG-13,2013,2024-10-08,77,6.5
NF0582,Netflix Title 582,Movie,India,Documentary,PG,2023,2022-11-21,84,5.5
NF0583,Netflix Title 583,Movie,Brazil,Animation,TV-MA,2010,2024-03-16,143,6.3
NF0584,Netflix Title 584,TV Show,Spain,Romance,TV-MA,2014,2024-10-11,10,6.5
NF0585,Netflix Title 585,TV Show,Brazil,Romance,PG,2018,2024-06-15,4,7.2
NF0586,Netflix Title 586,TV Show,United Kingdom,Romance,PG,2025,2022-11-05,5,7.8
NF0587,Netflix Title 587,TV Show,United Kingdom,Comedy,TV-PG,2017,2025-01-03,3,5.9
NF0588,Netflix Title 588,TV Show,South Korea,Animation,PG,2011,2021-10-20,7,9.4
NF0589,Netflix Title 589,Movie,India,Action,R,2023,2020-12-27,68,6.6
NF0590,Netflix Title 590,TV Show,India,Horror,TV-MA,2022,2024-06-29,10,8.1
NF0591,Netflix Title 591,TV Show,Brazil,Drama,TV-14,2025,2024-12-03,1,6.3
NF0592,Netflix Title 592,TV Show,Canada,Drama,PG,2017,2021-11-25,1,6.9
NF0593,Netflix Title 593,Movie,United Kingdom,Comedy,PG-13,2022,2023-12-17,145,7.1
NF0594,Netflix Title 594,Movie,Germany,Drama,TV-PG,2012,2021-01-04,130,6.6
NF0595,Netflix Title 595,TV Show,South Korea,Documentary,TV-14,2016,2025-02-05,7,7.8
NF0596,Netflix Title 596,TV Show,United Kingdom,Sci-Fi,PG,2013,2020-10-23,9,6.7
NF0597,Netflix Title 597,Movie,Germany,Documentary,PG,2018,2024-12-18,108,7.8
NF0598,Netflix Title 598,Movie,South Korea,Crime,TV-PG,2024,2020-04-22,121,6.0
NF0599,Netflix Title 599,Movie,Spain,Thriller,TV-PG,2017,2023-07-17,112,9.3
NF0600,Netflix Title 600,Movie,Japan,Thriller,PG-13,2012,2024-06-22,146,8.5
NF0601,Netflix Title 601,TV Show,India,Animation,TV-14,2025,2023-07-09,6,6.4
NF0602,Netflix Title 602,TV Show,United Kingdom,Thriller,R,2016,2022-08-19,4,9.0
NF0603,Netflix Title 603,Movie,Canada,Thriller,TV-14,2021,2021-09-30,159,5.9
NF0604,Netflix Title 604,Movie,France,Horror,TV-MA,2011,2025-05-29,107,8.0
NF0605,Netflix Title 605,TV Show,Brazil,Documentary,R,2015,2025-09-24,5,7.1
NF0606,Netflix Title 606,Movie,United States,Animation,R,2025,2020-05-13,124,6.9
NF0607,Netflix Title 607,Movie,France,Comedy,TV-PG,2024,2023-07-16,148,5.5
NF0608,Netflix Title 608,Movie,Spain,Horror,TV-MA,2020,2024-01-21,138,8.9
NF0609,Netflix Title 609,Movie,Germany,Documentary,TV-14,2018,2025-04-14,138,6.9
NF0610,Netflix Title 610,Movie,France,Sci-Fi,TV-14,2023,2024-03-04,106,8.9
NF0611,Netflix Title 611,TV Show,France,Action,PG,2014,2022-07-25,2,8.4
NF0612,Netflix Title 612,Movie,Germany,Sci-Fi,R,2016,2021-08-20,162,9.3
NF0613,Netflix Title 613,Movie,France,Drama,TV-14,2023,2025-08-08,77,9.5
NF0614,Netflix Title 614,TV Show,France,Documentary,PG-13,2011,2024-06-19,2,8.3
NF0615,Netflix Title 615,Movie,Canada,Documentary,R,2013,2025-01-16,155,6.8
NF0616,Netflix Title 616,TV Show,South Korea,Animation,PG,2018,2023-11-10,1,7.1
NF0617,Netflix Title 617,TV Show,Brazil,Thriller,PG,2015,2023-03-11,6,6.8
NF0618,Netflix Title 618,TV Show,France,Comedy,R,2019,2025-03-14,3,9.0
NF0619,Netflix Title 619,TV Show,Spain,Horror,PG,2022,2020-10-19,2,6.1
NF0620,Netflix Title 620,Movie,South Korea,Romance,TV-PG,2019,2022-12-31,137,8.1
NF0621,Netflix Title 621,TV Show,France,Romance,TV-PG,2024,2024-08-22,3,6.2
NF0622,Netflix Title 622,Movie,United Kingdom,Thriller,TV-PG,2018,2020-11-23,86,6.2
NF0623,Netflix Title 623,Movie,India,Comedy,R,2011,2020-04-17,158,7.1
NF0624,Netflix Title 624,Movie,India,Documentary,PG,2014,2020-12-11,143,9.2
NF0625,Netflix Title 625,TV Show,Japan,Thriller,TV-14,2019,2024-12-20,3,6.0
NF0626,Netflix Title 626,Movie,United States,Drama,TV-PG,2021,2023-08-25,170,7.4
NF0627,Netflix Title 627,TV Show,Germany,Crime,TV-14,2015,2025-02-13,10,7.2
NF0628,Netflix Title 628,TV Show,South Korea,Crime,PG,2017,2021-01-01,8,6.7
NF0629,Netflix Title 629,TV Show,Japan,Action,PG-13,2010,2020-01-01,9,8.8
NF0630,Netflix Title 630,Movie,South Korea,Documentary,R,2010,2025-07-07,156,7.4
NF0631,Netflix Title 631,Movie,Spain,Documentary,PG,2017,2020-01-30,130,7.0
NF0632,Netflix Title 632,TV Show,Germany,Sci-Fi,R,2017,2021-10-30,7,8.8
NF0633,Netflix Title 633,Movie,Japan,Comedy,R,2017,2025-10-17,157,8.7
NF0634,Netflix Title 634,TV Show,Japan,Animation,PG-13,2023,2022-02-09,2,6.2
NF0635,Netflix Title 635,TV Show,India,Crime,PG,2024,2023-01-19,10,7.5
NF0636,Netflix Title 636,TV Show,United States,Action,TV-MA,2010,2022-01-31,2,6.6
NF0637,Netflix Title 637,Movie,France,Drama,TV-14,2012,2021-09-09,61,7.5
NF0638,Netflix Title 638,TV Show,Spain,Documentary,R,2021,2025-03-14,1,6.8
NF0639,Netflix Title 639,Movie,United States,Documentary,R,2012,2025-04-09,83,6.3
NF0640,Netflix Title 640,TV Show,Spain,Drama,TV-MA,2017,2024-04-25,8,6.5
NF0641,Netflix Title 641,Movie,Canada,Crime,TV-PG,2013,2025-11-04,145,9.4
NF0642,Netflix Title 642,TV Show,Spain,Documentary,PG-13,2015,2020-06-21,9,7.6
NF0643,Netflix Title 643,TV Show,France,Documentary,TV-14,2021,2020-08-01,4,9.4
NF0644,Netflix Title 644,Movie,Spain,Romance,TV-MA,2015,2023-02-04,134,6.0
NF0645,Netflix Title 645,Movie,United States,Drama,PG,2025,2021-09-26,107,8.6
NF0646,Netflix Title 646,Movie,United Kingdom,Crime,TV-MA,2020,2020-09-02,67,6.9
NF0647,Netflix Title 647,Movie,Germany,Comedy,TV-14,2025,2022-08-11,100,9.4
NF0648,Netflix Title 648,TV Show,France,Thriller,TV-MA,2022,2024-01-07,3,6.5
NF0649,Netflix Title 649,Movie,France,Crime,PG,2019,2025-06-30,84,7.8
NF0650,Netflix Title 650,TV Show,South Korea,Crime,PG-13,2015,2020-10-09,9,6.1
NF0651,Netflix Title 651,TV Show,Japan,Animation,PG-13,2024,2020-01-03,9,7.0
NF0652,Netflix Title 652,Movie,United States,Horror,PG-13,2017,2023-08-06,152,5.8
NF0653,Netflix Title 653,TV Show,Canada,Animation,TV-PG,2025,2021-09-23,10,6.6
NF0654,Netflix Title 654,TV Show,South Korea,Comedy,TV-MA,2012,2020-06-28,3,6.2
NF0655,Netflix Title 655,Movie,Canada,Comedy,R,2016,2021-02-08,64,7.8
NF0656,Netflix Title 656,TV Show,France,Animation,PG,2018,2020-07-20,6,6.4
NF0657,Netflix Title 657,Movie,United States,Thriller,TV-PG,2025,2020-11-23,119,8.7
NF0658,Netflix Title 658,Movie,South Korea,Animation,TV-PG,2023,2024-02-20,161,8.3
NF0659,Netflix Title 659,TV Show,Germany,Drama,TV-PG,2012,2023-05-29,2,9.3
NF0660,Netflix Title 660,Movie,India,Thriller,PG,2022,2022-02-15,84,7.6
NF0661,Netflix Title 661,Movie,Brazil,Action,PG,2023,2021-03-08,158,8.1
NF0662,Netflix Title 662,TV Show,France,Sci-Fi,TV-MA,2015,2022-01-08,9,7.1
NF0663,Netflix Title 663,TV Show,United Kingdom,Animation,PG,2024,2023-12-14,6,7.7
NF0664,Netflix Title 664,TV Show,South Korea,Sci-Fi,TV-PG,2023,2023-08-17,10,6.5
NF0665,Netflix Title 665,Movie,Spain,Animation,TV-PG,2018,2024-01-14,117,7.3
NF0666,Netflix Title 666,TV Show,United States,Drama,PG-13,2010,2025-10-21,3,9.5
NF0667,Netflix Title 667,TV Show,United States,Documentary,TV-14,2016,2023-07-13,1,8.6
NF0668,Netflix Title 668,TV Show,Germany,Animation,PG,2014,2021-01-21,1,7.3
NF0669,Netflix Title 669,Movie,United Kingdom,Documentary,PG-13,2017,2022-08-12,92,8.7
NF0670,Netflix Title 670,Movie,Brazil,Sci-Fi,PG,2016,2020-11-12,152,6.8
NF0671,Netflix Title 671,TV Show,United Kingdom,Crime,TV-PG,2013,2023-05-15,1,8.4
NF0672,Netflix Title 672,TV Show,India,Drama,PG-13,2021,2024-11-13,7,9.2
NF0673,Netflix Title 673,Movie,Canada,Horror,TV-MA,2022,2020-08-09,99,7.6
NF0674,Netflix Title 674,TV Show,Germany,Horror,TV-14,2020,2025-08-19,4,6.1
NF0675,Netflix Title 675,TV Show,France,Horror,PG,2012,2022-06-28,7,6.7
NF0676,Netflix Title 676,TV Show,United Kingdom,Action,PG-13,2012,2025-05-03,10,8.5
NF0677,Netflix Title 677,TV Show,Japan,Comedy,R,2023,2021-06-18,3,7.4
NF0678,Netflix Title 678,Movie,France,Sci-Fi,TV-PG,2016,2025-11-17,91,6.5
NF0679,Netflix Title 679,TV Show,Spain,Romance,TV-PG,2012,2021-04-05,7,7.2
NF0680,Netflix Title 680,TV Show,Canada,Romance,PG-13,2010,2023-06-02,3,9.5
NF0681,Netflix Title 681,TV Show,Brazil,Action,R,2011,2022-08-14,4,8.2
NF0682,Netflix Title 682,Movie,India,Comedy,TV-PG,2011,2022-09-22,139,9.2
NF0683,Netflix Title 683,TV Show,United States,Romance,TV-PG,2013,2023-06-03,8,7.4
NF0684,Netflix Title 684,TV Show,Canada,Animation,TV-14,2016,2025-11-13,5,7.7
NF0685,Netflix Title 685,Movie,United States,Sci-Fi,PG,2011,2022-11-12,81,5.7
NF0686,Netflix Title 686,Movie,Brazil,Documentary,TV-MA,2024,2020-02-04,68,7.1
NF0687,Netflix Title 687,TV Show,South Korea,Comedy,TV-MA,2019,2024-05-02,4,9.4
NF0688,Netflix Title 688,Movie,South Korea,Crime,PG,2012,2022-02-02,85,7.5
NF0689,Netflix Title 689,TV Show,Germany,Drama,TV-MA,2017,2025-12-08,5,6.8
NF0690,Netflix Title 690,TV Show,United Kingdom,Drama,PG-13,2021,2023-12-26,5,6.4
NF0691,Netflix Title 691,TV Show,United States,Documentary,R,2010,2023-02-21,4,6.1
NF0692,Netflix Title 692,TV Show,United Kingdom,Comedy,TV-PG,2022,2025-11-02,10,9.0
NF0693,Netflix Title 693,Movie,Spain,Thriller,PG,2014,2024-10-12,99,9.1
NF0694,Netflix Title 694,TV Show,France,Animation,TV-14,2016,2021-07-21,10,7.7
NF0695,Netflix Title 695,Movie,United Kingdom,Documentary,TV-PG,2014,2024-10-27,176,9.4
NF0696,Netflix Title 696,Movie,Brazil,Action,PG-13,2012,2025-12-23,152,6.0
NF0697,Netflix Title 697,TV Show,United Kingdom,Drama,PG-13,2023,2024-08-11,5,7.3
NF0698,Netflix Title 698,TV Show,United Kingdom,Thriller,TV-MA,2014,2022-01-26,1,8.5
NF0699,Netflix Title 699,TV Show,Brazil,Horror,PG,2017,2022-08-09,4,8.2
NF0700,Netflix Title 700,TV Show,India,Crime,TV-14,2025,2024-03-11,3,8.9
NF0701,Netflix Title 701,TV Show,France,Action,TV-14,2016,2022-07-15,1,7.1
NF0702,Netflix Title 702,Movie,Japan,Sci-Fi,TV-14,2016,2022-04-17,68,6.2
NF0703,Netflix Title 703,TV Show,Brazil,Crime,TV-PG,2020,2025-02-17,4,7.2
NF0704,Netflix Title 704,Movie,Brazil,Sci-Fi,TV-PG,2020,2024-06-02,138,9.3
NF0705,Netflix Title 705,Movie,Germany,Comedy,R,2024,2020-06-22,172,9.5
NF0706,Netflix Title 706,TV Show,United States,Animation,R,2011,2022-02-16,5,7.3
NF0707,Netflix Title 707,TV Show,Japan,Crime,TV-14,2023,2023-04-20,10,9.2
NF0708,Netflix Title 708,Movie,France,Crime,TV-MA,2013,2022-01-06,159,7.8
NF0709,Netflix Title 709,Movie,Spain,Sci-Fi,PG-13,2024,2020-04-12,82,7.3
NF0710,Netflix Title 710,Movie,France,Comedy,PG-13,2020,2021-11-02,151,8.4
NF0711,Netflix Title 711,Movie,India,Crime,TV-PG,2021,2020-12-15,127,8.3
NF0712,Netflix Title 712,Movie,Spain,Animation,R,2011,2021-11-30,176,6.8
NF0713,Netflix Title 713,Movie,United Kingdom,Action,TV-14,2011,2024-09-14,99,6.7
NF0714,Netflix Title 714,TV Show,Japan,Action,TV-MA,2014,2022-04-10,1,8.0
NF0715,Netflix Title 715,TV Show,United States,Crime,R,2025,2020-01-24,10,9.0
NF0716,Netflix Title 716,Movie,Canada,Horror,TV-PG,2025,2025-02-01,112,7.3
NF0717,Netflix Title 717,Movie,Canada,Animation,PG-13,2016,2020-07-19,83,6.1
NF0718,Netflix Title 718,TV Show,United States,Action,TV-MA,2019,2023-09-18,2,5.7
NF0719,Netflix Title 719,TV Show,United Kingdom,Action,TV-PG,2019,2021-12-27,8,8.5
NF0720,Netflix Title 720,TV Show,United States,Comedy,PG-13,2020,2024-02-18,7,8.8
NF0721,Netflix Title 721,TV Show,Germany,Comedy,PG-13,2025,2021-07-05,2,8.3
NF0722,Netflix Title 722,TV Show,South Korea,Animation,R,2016,2022-05-06,10,5.7
NF0723,Netflix Title 723,Movie,France,Horror,TV-PG,2019,2024-10-15,137,8.9
NF0724,Netflix Title 724,TV Show,Germany,Horror,PG,2021,2021-06-15,10,7.8
NF0725,Netflix Title 725,TV Show,France,Action,PG,2017,2023-04-04,4,5.5
NF0726,Netflix Title 726,Movie,France,Comedy,TV-PG,2016,2024-08-25,112,5.7
NF0727,Netflix Title 727,TV Show,Germany,Thriller,TV-MA,2016,2023-02-27,5,8.7
NF0728,Netflix Title 728,TV Show,Japan,Animation,PG,2020,2020-01-26,2,8.2
NF0729,Netflix Title 729,TV Show,Spain,Horror,PG,2010,2021-12-20,4,6.8
NF0730,Netflix Title 730,TV Show,France,Crime,TV-MA,2014,2025-05-26,3,8.0
NF0731,Netflix Title 731,TV Show,France,Sci-Fi,TV-PG,2011,2025-11-04,5,7.8
NF0732,Netflix Title 732,TV Show,Germany,Animation,TV-MA,2016,2023-09-20,6,5.8
NF0733,Netflix Title 733,Movie,Japan,Drama,PG-13,2022,2025-12-28,167,6.2
NF0734,Netflix Title 734,TV Show,United Kingdom,Horror,TV-MA,2019,2023-07-12,1,6.6
NF0735,Netflix Title 735,Movie,France,Thriller,PG-13,2024,2023-05-24,87,7.6
NF0736,Netflix Title 736,Movie,India,Romance,TV-MA,2016,2021-01-14,116,7.5
NF0737,Netflix Title 737,TV Show,Germany,Action,TV-14,2020,2025-06-03,9,6.7
NF0738,Netflix Title 738,TV Show,United Kingdom,Comedy,PG,2014,2022-04-20,1,7.3
NF0739,Netflix Title 739,Movie,United States,Documentary,TV-MA,2012,2023-09-27,119,9.1
NF0740,Netflix Title 740,Movie,Germany,Documentary,TV-MA,2019,2022-05-09,101,6.3
NF0741,Netflix Title 741,TV Show,Japan,Animation,PG-13,2024,2021-04-26,5,6.1
NF0742,Netflix Title 742,TV Show,India,Drama,PG,2013,2022-04-26,9,6.9
NF0743,Netflix Title 743,TV Show,Japan,Action,TV-PG,2019,2022-09-29,3,5.8
NF0744,Netflix Title 744,TV Show,Germany,Crime,TV-MA,2014,2020-04-28,8,9.1
NF0745,Netflix Title 745,Movie,India,Sci-Fi,TV-MA,2012,2024-10-12,110,6.2
NF0746,Netflix Title 746,TV Show,Brazil,Romance,PG-13,2020,2022-03-22,9,5.8
NF0747,Netflix Title 747,TV Show,Brazil,Action,TV-MA,2024,2021-02-02,8,6.7
NF0748,Netflix Title 748,TV Show,France,Thriller,TV-14,2014,2022-11-22,6,7.1
NF0749,Netflix Title 749,TV Show,South Korea,Crime,R,2010,2020-09-24,8,6.0
NF0750,Netflix Title 750,TV Show,France,Action,PG-13,2021,2021-06-05,9,5.9
NF0751,Netflix Title 751,Movie,South Korea,Animation,TV-PG,2012,2023-05-22,128,7.3
NF0752,Netflix Title 752,TV Show,Canada,Horror,TV-14,2015,2025-05-29,7,5.8
NF0753,Netflix Title 753,Movie,Brazil,Sci-Fi,R,2020,2022-08-25,82,8.2
NF0754,Netflix Title 754,Movie,Brazil,Crime,TV-MA,2024,2023-08-25,131,5.9
NF0755,Netflix Title 755,TV Show,United Kingdom,Documentary,R,2012,2021-03-21,10,8.6
NF0756,Netflix Title 756,TV Show,South Korea,Crime,TV-PG,2011,2021-01-05,4,8.8
NF0757,Netflix Title 757,Movie,United Kingdom,Action,R,2019,2024-05-16,138,7.8
NF0758,Netflix Title 758,Movie,Canada,Romance,PG-13,2019,2024-11-15,151,9.4
NF0759,Netflix Title 759,TV Show,India,Horror,TV-MA,2022,2021-06-06,5,5.7
NF0760,Netflix Title 760,Movie,United States,Animation,PG-13,2013,2023-03-01,170,5.6
NF0761,Netflix Title 761,TV Show,Brazil,Sci-Fi,TV-PG,2020,2024-04-16,7,7.0
NF0762,Netflix Title 762,Movie,United Kingdom,Crime,TV-14,2016,2024-04-24,167,9.2
NF0763,Netflix Title 763,TV Show,United Kingdom,Documentary,TV-PG,2014,2021-07-04,1,5.8
NF0764,Netflix Title 764,Movie,United Kingdom,Crime,TV-PG,2023,2021-07-10,70,6.0
NF0765,Netflix Title 765,TV Show,France,Horror,R,2015,2025-02-04,9,7.2
NF0766,Netflix Title 766,TV Show,Spain,Romance,TV-14,2015,2024-10-05,10,5.5
NF0767,Netflix Title 767,TV Show,Canada,Animation,PG-13,2023,2024-02-12,1,9.4
NF0768,Netflix Title 768,TV Show,South Korea,Comedy,PG,2025,2020-11-23,3,8.4
NF0769,Netflix Title 769,TV Show,France,Animation,TV-MA,2012,2022-10-01,8,8.0
NF0770,Netflix Title 770,Movie,Germany,Horror,PG-13,2011,2023-11-08,128,8.6
NF0771,Netflix Title 771,TV Show,France,Animation,R,2020,2024-09-20,6,9.3
NF0772,Netflix Title 772,TV Show,Japan,Action,TV-MA,2019,2022-12-02,1,8.0
NF0773,Netflix Title 773,Movie,Brazil,Drama,TV-PG,2019,2020-04-21,96,7.4
NF0774,Netflix Title 774,Movie,Germany,Comedy,PG-13,2018,2021-06-26,138,6.6
NF0775,Netflix Title 775,TV Show,United States,Comedy,PG,2015,2021-09-11,8,7.0
NF0776,Netflix Title 776,Movie,Japan,Thriller,R,2015,2025-11-30,170,5.6
NF0777,Netflix Title 777,Movie,United Kingdom,Horror,TV-14,2025,2024-08-18,158,7.0
NF0778,Netflix Title 778,TV Show,United Kingdom,Thriller,PG,2021,2020-08-10,5,8.5
NF0779,Netflix Title 779,Movie,United States,Action,R,2022,2025-05-04,98,7.4
NF0780,Netflix Title 780,Movie,Spain,Sci-Fi,R,2018,2021-08-17,127,9.0
NF0781,Netflix Title 781,Movie,Japan,Crime,R,2020,2025-12-11,147,9.3
NF0782,Netflix Title 782,Movie,Germany,Romance,R,2018,2023-10-04,94,6.6
NF0783,Netflix Title 783,Movie,Japan,Horror,R,2024,2022-09-17,153,8.2
NF0784,Netflix Title 784,Movie,Germany,Romance,TV-PG,2015,2023-07-07,130,5.5
NF0785,Netflix Title 785,Movie,India,Drama,R,2013,2025-11-21,73,8.2
NF0786,Netflix Title 786,TV Show,Canada,Documentary,PG-13,2016,2020-05-19,1,8.0
NF0787,Netflix Title 787,Movie,Brazil,Thriller,PG,2013,2021-05-06,71,8.9
NF0788,Netflix Title 788,Movie,Spain,Horror,TV-14,2013,2022-01-24,92,6.7
NF0789,Netflix Title 789,Movie,France,Documentary,R,2020,2022-11-20,80,8.6
NF0790,Netflix Title 790,TV Show,United States,Sci-Fi,R,2020,2020-09-03,5,9.3
NF0791,Netflix Title 791,TV Show,United Kingdom,Crime,TV-MA,2025,2022-04-01,10,7.1
NF0792,Netflix Title 792,TV Show,India,Action,PG,2023,2022-06-13,10,8.1
NF0793,Netflix Title 793,TV Show,Japan,Comedy,TV-MA,2012,2020-10-15,10,8.4
NF0794,Netflix Title 794,TV Show,United States,Crime,TV-14,2010,2020-06-03,7,6.6
NF0795,Netflix Title 795,TV Show,Spain,Horror,TV-MA,2025,2025-05-12,7,7.1
NF0796,Netflix Title 796,Movie,Germany,Thriller,TV-MA,2022,2025-05-28,75,7.8
NF0797,Netflix Title 797,TV Show,South Korea,Documentary,R,2011,2021-01-06,6,7.6
NF0798,Netflix Title 798,TV Show,India,Crime,PG-13,2016,2021-12-24,9,5.7
NF0799,Netflix Title 799,TV Show,Canada,Documentary,TV-PG,2022,2021-03-13,6,7.4
NF0800,Netflix Title 800,TV Show,Canada,Action,TV-MA,2016,2020-04-13,10,6.5
NF0801,Netflix Title 801,TV Show,India,Animation,TV-PG,2019,2025-08-08,9,9.4
NF0802,Netflix Title 802,TV Show,United States,Drama,PG-13,2011,2023-10-15,1,7.1
NF0803,Netflix Title 803,Movie,Germany,Crime,TV-PG,2014,2022-08-12,178,5.8
NF0804,Netflix Title 804,Movie,France,Drama,R,2011,2022-09-21,149,8.1
NF0805,Netflix Title 805,Movie,United Kingdom,Drama,PG-13,2013,2025-02-11,138,6.2
NF0806,Netflix Title 806,Movie,India,Comedy,R,2017,2020-09-15,162,6.3
NF0807,Netflix Title 807,TV Show,Spain,Romance,TV-MA,2014,2023-08-10,4,8.6
NF0808,Netflix Title 808,Movie,South Korea,Comedy,TV-MA,2018,2021-08-01,156,7.2
NF0809,Netflix Title 809,TV Show,Germany,Action,R,2017,2020-06-15,3,5.9
NF0810,Netflix Title 810,TV Show,United Kingdom,Drama,R,2012,2020-01-27,1,6.2
NF0811,Netflix Title 811,Movie,Brazil,Documentary,R,2025,2021-06-03,86,6.1
NF0812,Netflix Title 812,TV Show,Germany,Crime,R,2017,2021-12-15,10,8.3
NF0813,Netflix Title 813,Movie,France,Horror,TV-MA,2019,2023-11-25,113,5.5
NF0814,Netflix Title 814,Movie,Canada,Comedy,PG,2013,2024-01-22,170,8.5
NF0815,Netflix Title 815,Movie,France,Thriller,PG-13,2011,2022-03-04,74,8.7
NF0816,Netflix Title 816,TV Show,France,Action,TV-14,2011,2020-08-09,6,6.6
NF0817,Netflix Title 817,TV Show,Japan,Romance,PG,2024,2020-06-26,2,8.5
NF0818,Netflix Title 818,Movie,United Kingdom,Drama,R,2013,2020-10-17,174,6.4
NF0819,Netflix Title 819,TV Show,Brazil,Horror,PG-13,2023,2022-03-25,6,6.4
NF0820,Netflix Title 820,Movie,South Korea,Thriller,TV-MA,2017,2024-08-16,171,6.3
NF0821,Netflix Title 821,Movie,India,Crime,PG,2025,2020-08-10,173,7.2
NF0822,Netflix Title 822,Movie,Brazil,Crime,TV-14,2022,2024-03-09,77,7.3
NF0823,Netflix Title 823,Movie,South Korea,Documentary,TV-14,2020,2021-06-05,64,8.3
NF0824,Netflix Title 824,Movie,Japan,Action,TV-MA,2024,2025-02-21,113,6.2
NF0825,Netflix Title 825,TV Show,Canada,Documentary,PG,2015,2021-11-27,10,9.4
NF0826,Netflix Title 826,Movie,India,Sci-Fi,PG,2025,2022-06-05,135,7.4
NF0827,Netflix Title 827,TV Show,Japan,Drama,TV-PG,2023,2022-10-07,4,6.8
NF0828,Netflix Title 828,Movie,Brazil,Action,PG,2010,2024-09-07,65,5.7
NF0829,Netflix Title 829,TV Show,Germany,Drama,R,2022,2025-05-17,2,7.3
NF0830,Netflix Title 830,Movie,India,Animation,TV-MA,2023,2022-06-11,76,6.9
NF0831,Netflix Title 831,Movie,India,Drama,R,2019,2021-10-24,150,7.3
NF0832,Netflix Title 832,Movie,France,Crime,TV-14,2022,2022-01-27,161,9.0
NF0833,Netflix Title 833,TV Show,United States,Comedy,R,2020,2025-12-14,1,6.7
NF0834,Netflix Title 834,TV Show,Brazil,Animation,PG,2016,2020-11-27,10,9.0
NF0835,Netflix Title 835,Movie,Germany,Romance,TV-MA,2013,2024-04-17,106,7.4
NF0836,Netflix Title 836,Movie,South Korea,Romance,TV-14,2012,2022-04-18,77,9.4
NF0837,Netflix Title 837,Movie,Germany,Comedy,TV-PG,2025,2022-05-09,156,8.5
NF0838,Netflix Title 838,Movie,South Korea,Romance,PG-13,2023,2023-02-09,66,5.8
NF0839,Netflix Title 839,TV Show,France,Crime,PG,2013,2025-04-09,9,8.2
NF0840,Netflix Title 840,TV Show,France,Horror,PG-13,2012,2022-02-10,8,5.8
NF0841,Netflix Title 841,TV Show,United Kingdom,Documentary,TV-MA,2013,2021-11-05,5,5.9
NF0842,Netflix Title 842,Movie,France,Action,TV-14,2010,2023-04-15,113,9.4
NF0843,Netflix Title 843,Movie,France,Romance,R,2024,2020-03-28,97,6.3
NF0844,Netflix Title 844,Movie,Canada,Animation,TV-PG,2020,2024-08-13,134,6.9
NF0845,Netflix Title 845,TV Show,France,Horror,TV-PG,2024,2025-02-18,5,7.8
NF0846,Netflix Title 846,TV Show,United Kingdom,Documentary,TV-14,2025,2024-03-03,5,8.6
NF0847,Netflix Title 847,Movie,United Kingdom,Romance,PG-13,2024,2021-11-12,139,9.2
NF0848,Netflix Title 848,TV Show,United Kingdom,Action,TV-PG,2014,2021-10-22,4,6.0
NF0849,Netflix Title 849,TV Show,Brazil,Action,R,2018,2024-02-23,3,6.3
NF0850,Netflix Title 850,Movie,South Korea,Romance,TV-14,2021,2025-01-10,129,9.4
NF0851,Netflix Title 851,TV Show,India,Drama,R,2025,2021-08-18,8,9.2
NF0852,Netflix Title 852,Movie,United States,Animation,PG,2020,2023-04-25,120,9.1
NF0853,Netflix Title 853,Movie,Brazil,Crime,PG-13,2013,2025-05-15,175,5.7
NF0854,Netflix Title 854,Movie,Japan,Drama,R,2017,2024-12-31,105,5.9
NF0855,Netflix Title 855,Movie,Brazil,Thriller,PG,2017,2023-02-12,85,5.6
NF0856,Netflix Title 856,TV Show,India,Animation,R,2016,2025-07-01,6,7.9
NF0857,Netflix Title 857,Movie,South Korea,Sci-Fi,TV-14,2023,2024-02-23,109,7.0
NF0858,Netflix Title 858,TV Show,South Korea,Romance,PG-13,2024,2020-12-24,4,8.4
NF0859,Netflix Title 859,TV Show,Spain,Crime,PG-13,2015,2024-10-02,7,6.1
NF0860,Netflix Title 860,Movie,United Kingdom,Thriller,PG-13,2025,2025-11-21,102,5.8
NF0861,Netflix Title 861,TV Show,India,Drama,R,2018,2024-08-24,3,7.7
NF0862,Netflix Title 862,Movie,Canada,Action,R,2019,2025-07-02,65,8.8
NF0863,Netflix Title 863,TV Show,Brazil,Documentary,R,2024,2022-07-08,1,8.7
NF0864,Netflix Title 864,Movie,Japan,Documentary,TV-PG,2025,2021-05-23,143,8.2
NF0865,Netflix Title 865,TV Show,Spain,Action,R,2017,2020-04-26,2,8.6
NF0866,Netflix Title 866,TV Show,India,Horror,TV-PG,2021,2025-05-22,10,7.2
NF0867,Netflix Title 867,TV Show,France,Comedy,PG-13,2010,2022-11-29,3,7.8
NF0868,Netflix Title 868,Movie,South Korea,Crime,TV-PG,2014,2024-01-03,80,5.7
NF0869,Netflix Title 869,TV Show,Spain,Romance,TV-MA,2019,2023-04-09,9,8.1
NF0870,Netflix Title 870,Movie,Germany,Thriller,TV-PG,2015,2021-01-22,136,8.5
NF0871,Netflix Title 871,TV Show,South Korea,Documentary,PG-13,2021,2021-01-27,9,7.8
NF0872,Netflix Title 872,Movie,United States,Action,PG,2019,2024-03-07,159,7.4
NF0873,Netflix Title 873,TV Show,United Kingdom,Comedy,TV-14,2014,2025-08-23,4,8.8
NF0874,Netflix Title 874,Movie,Spain,Crime,TV-MA,2013,2021-06-21,178,5.6
NF0875,Netflix Title 875,TV Show,Japan,Romance,TV-14,2024,2025-11-12,6,6.2
NF0876,Netflix Title 876,TV Show,United States,Comedy,TV-14,2014,2021-08-06,4,6.7
NF0877,Netflix Title 877,Movie,United Kingdom,Comedy,R,2013,2020-11-14,62,8.6
NF0878,Netflix Title 878,TV Show,United States,Thriller,TV-MA,2011,2025-10-04,10,5.7
NF0879,Netflix Title 879,Movie,Japan,Drama,TV-MA,2019,2020-02-12,156,5.9
NF0880,Netflix Title 880,Movie,Brazil,Thriller,PG,2016,2022-01-26,145,6.9
NF0881,Netflix Title 881,Movie,United Kingdom,Documentary,PG,2021,2023-12-13,80,8.9
NF0882,Netflix Title 882,Movie,Germany,Horror,TV-MA,2013,2020-02-27,127,6.4
NF0883,Netflix Title 883,Movie,Japan,Action,PG,2010,2021-02-08,178,6.4
NF0884,Netflix Title 884,TV Show,South Korea,Horror,TV-14,2024,2021-03-15,3,8.8
NF0885,Netflix Title 885,TV Show,Spain,Thriller,PG,2017,2024-07-27,2,8.5
NF0886,Netflix Title 886,TV Show,India,Crime,TV-MA,2014,2025-07-23,6,8.3
NF0887,Netflix Title 887,Movie,India,Romance,R,2013,2024-04-25,96,7.3
NF0888,Netflix Title 888,TV Show,France,Thriller,PG,2023,2023-04-05,7,6.3
NF0889,Netflix Title 889,Movie,France,Romance,TV-14,2010,2025-07-06,146,5.9
NF0890,Netflix Title 890,TV Show,Germany,Comedy,TV-MA,2014,2024-06-05,7,8.3
NF0891,Netflix Title 891,Movie,United Kingdom,Comedy,PG-13,2016,2023-10-19,85,7.9
NF0892,Netflix Title 892,TV Show,India,Thriller,R,2025,2023-02-14,10,7.9
NF0893,Netflix Title 893,TV Show,South Korea,Crime,TV-PG,2022,2025-06-07,9,6.6
NF0894,Netflix Title 894,TV Show,India,Comedy,PG-13,2025,2025-07-29,4,8.0
NF0895,Netflix Title 895,Movie,United States,Comedy,TV-PG,2011,2020-10-06,123,8.2
NF0896,Netflix Title 896,Movie,Spain,Horror,TV-PG,2020,2021-09-17,98,8.0
NF0897,Netflix Title 897,Movie,India,Animation,R,2024,2022-04-07,97,8.1
NF0898,Netflix Title 898,TV Show,Germany,Documentary,PG,2020,2020-03-13,1,9.5
NF0899,Netflix Title 899,Movie,Spain,Crime,PG-13,2022,2024-12-17,118,5.6
NF0900,Netflix Title 900,Movie,Germany,Documentary,TV-PG,2015,2025-07-06,115,6.0
NF0901,Netflix Title 901,TV Show,France,Comedy,PG,2025,2025-04-08,8,7.7
NF0902,Netflix Title 902,Movie,Germany,Drama,R,2018,2025-07-19,135,9.4
NF0903,Netflix Title 903,TV Show,Japan,Romance,TV-MA,2010,2020-07-03,3,8.8
NF0904,Netflix Title 904,TV Show,Brazil,Drama,TV-PG,2020,2024-04-07,2,7.2
NF0905,Netflix Title 905,TV Show,Spain,Romance,TV-MA,2017,2022-10-11,4,8.1
NF0906,Netflix Title 906,Movie,India,Documentary,TV-MA,2020,2021-11-26,62,7.7
NF0907,Netflix Title 907,Movie,France,Sci-Fi,PG,2023,2022-12-28,62,8.3
NF0908,Netflix Title 908,Movie,South Korea,Sci-Fi,PG,2022,2023-08-13,133,5.9
NF0909,Netflix Title 909,TV Show,India,Thriller,PG-13,2025,2025-08-21,6,6.2
NF0910,Netflix Title 910,TV Show,South Korea,Sci-Fi,TV-14,2025,2020-11-04,9,6.4
NF0911,Netflix Title 911,TV Show,United States,Documentary,PG,2022,2022-07-14,10,8.5
NF0912,Netflix Title 912,Movie,Brazil,Comedy,PG,2020,2023-01-24,68,7.8
NF0913,Netflix Title 913,TV Show,Spain,Thriller,PG-13,2012,2023-05-21,9,8.7
NF0914,Netflix Title 914,TV Show,Germany,Romance,TV-14,2023,2024-07-05,5,8.0
NF0915,Netflix Title 915,TV Show,Germany,Action,TV-MA,2015,2025-08-06,4,8.1
NF0916,Netflix Title 916,TV Show,Japan,Animation,PG,2023,2020-09-02,9,6.3
NF0917,Netflix Title 917,TV Show,United Kingdom,Thriller,TV-14,2019,2024-11-18,7,6.8
NF0918,Netflix Title 918,Movie,Canada,Sci-Fi,PG-13,2019,2021-10-19,92,8.2
NF0919,Netflix Title 919,Movie,Spain,Thriller,TV-MA,2014,2022-02-25,63,6.5
NF0920,Netflix Title 920,TV Show,France,Crime,PG,2023,2024-09-24,1,6.3
NF0921,Netflix Title 921,TV Show,United Kingdom,Drama,PG-13,2018,2021-12-21,1,9.4
NF0922,Netflix Title 922,TV Show,United States,Drama,TV-MA,2020,2023-05-05,2,9.1
NF0923,Netflix Title 923,TV Show,South Korea,Comedy,R,2014,2022-08-24,2,7.8
NF0924,Netflix Title 924,Movie,Germany,Horror,PG,2018,2025-07-26,173,5.9
NF0925,Netflix Title 925,Movie,South Korea,Romance,PG,2022,2022-08-24,179,7.2
NF0926,Netflix Title 926,Movie,India,Action,TV-14,2018,2024-12-05,112,6.5
NF0927,Netflix Title 927,Movie,France,Animation,PG-13,2013,2023-07-20,129,7.2
NF0928,Netflix Title 928,Movie,Japan,Action,PG-13,2025,2024-02-15,165,6.7
NF0929,Netflix Title 929,Movie,United States,Thriller,PG-13,2022,2023-06-20,141,9.3
NF0930,Netflix Title 930,TV Show,India,Animation,TV-14,2024,2024-05-10,1,9.1
NF0931,Netflix Title 931,TV Show,Japan,Documentary,TV-MA,2017,2023-05-03,4,8.9
NF0932,Netflix Title 932,Movie,France,Romance,TV-PG,2023,2020-05-18,95,9.0
NF0933,Netflix Title 933,TV Show,France,Sci-Fi,PG-13,2023,2021-02-15,3,8.3
NF0934,Netflix Title 934,Movie,South Korea,Sci-Fi,PG,2020,2025-01-30,148,5.6
NF0935,Netflix Title 935,Movie,United Kingdom,Crime,TV-PG,2014,2020-01-13,111,6.3
NF0936,Netflix Title 936,TV Show,South Korea,Horror,TV-MA,2013,2021-10-08,4,7.6
NF0937,Netflix Title 937,Movie,Brazil,Sci-Fi,PG-13,2024,2025-05-13,171,8.4
NF0938,Netflix Title 938,TV Show,United Kingdom,Horror,PG-13,2019,2022-03-24,2,7.2
NF0939,Netflix Title 939,Movie,Spain,Sci-Fi,PG,2017,2020-03-25,62,9.2
NF0940,Netflix Title 940,Movie,India,Crime,TV-14,2018,2021-11-22,66,7.1
NF0941,Netflix Title 941,TV Show,Brazil,Documentary,TV-14,2012,2024-02-16,3,9.3
NF0942,Netflix Title 942,Movie,United States,Animation,R,2024,2025-07-17,75,6.4
NF0943,Netflix Title 943,Movie,Canada,Documentary,PG-13,2025,2024-04-13,76,7.2
NF0944,Netflix Title 944,Movie,Brazil,Thriller,PG-13,2016,2024-09-09,83,7.1
NF0945,Netflix Title 945,Movie,United States,Documentary,PG-13,2017,2025-01-21,176,6.5
NF0946,Netflix Title 946,TV Show,India,Drama,R,2014,2023-08-17,7,8.2
NF0947,Netflix Title 947,TV Show,Spain,Horror,PG-13,2012,2021-01-25,9,5.7
NF0948,Netflix Title 948,TV Show,Canada,Crime,PG-13,2011,2020-01-22,5,7.5
NF0949,Netflix Title 949,TV Show,Japan,Sci-Fi,TV-PG,2021,2021-06-25,9,5.7
NF0950,Netflix Title 950,Movie,Japan,Action,PG,2025,2023-10-21,172,7.4
NF0951,Netflix Title 951,Movie,South Korea,Animation,R,2014,2022-12-02,74,6.8
NF0952,Netflix Title 952,Movie,France,Documentary,TV-PG,2021,2024-10-27,96,9.1
NF0953,Netflix Title 953,TV Show,Brazil,Documentary,PG,2020,2024-11-19,3,6.8
NF0954,Netflix Title 954,TV Show,United Kingdom,Animation,TV-PG,2024,2020-08-05,4,6.1
NF0955,Netflix Title 955,Movie,United Kingdom,Drama,R,2018,2021-10-31,150,7.4
NF0956,Netflix Title 956,Movie,France,Drama,R,2021,2025-06-10,118,7.5
NF0957,Netflix Title 957,Movie,India,Romance,TV-MA,2016,2023-03-09,83,8.8
NF0958,Netflix Title 958,TV Show,Brazil,Horror,TV-14,2010,2025-11-24,10,6.2
NF0959,Netflix Title 959,Movie,Canada,Crime,TV-PG,2013,2023-09-08,63,6.6
NF0960,Netflix Title 960,Movie,Spain,Romance,PG,2013,2023-08-18,79,5.6
NF0961,Netflix Title 961,TV Show,France,Crime,TV-PG,2018,2020-01-24,6,9.4
NF0962,Netflix Title 962,TV Show,South Korea,Horror,TV-14,2016,2020-07-18,5,6.8
NF0963,Netflix Title 963,Movie,India,Animation,PG,2022,2021-01-14,111,6.5
NF0964,Netflix Title 964,Movie,Spain,Comedy,TV-MA,2016,2021-10-29,109,8.6
NF0965,Netflix Title 965,TV Show,United Kingdom,Comedy,PG-13,2025,2024-11-05,5,9.1
NF0966,Netflix Title 966,Movie,South Korea,Comedy,PG-13,2016,2025-06-28,117,9.0
NF0967,Netflix Title 967,TV Show,Japan,Horror,PG,2023,2021-01-04,7,8.7
NF0968,Netflix Title 968,Movie,Spain,Sci-Fi,TV-MA,2011,2025-10-03,103,9.4
NF0969,Netflix Title 969,Movie,United Kingdom,Crime,PG,2012,2023-04-05,119,7.2
NF0970,Netflix Title 970,TV Show,Japan,Action,TV-14,2019,2022-10-15,9,7.2
NF0971,Netflix Title 971,Movie,Germany,Comedy,TV-MA,2013,2025-09-22,114,7.2
NF0972,Netflix Title 972,TV Show,Brazil,Documentary,PG-13,2018,2020-11-30,9,5.6
NF0973,Netflix Title 973,TV Show,United Kingdom,Action,R,2011,2020-12-07,7,9.0
NF0974,Netflix Title 974,TV Show,South Korea,Horror,TV-PG,2024,2025-01-16,10,8.7
NF0975,Netflix Title 975,TV Show,United Kingdom,Thriller,TV-14,2012,2022-11-28,2,7.2
NF0976,Netflix Title 976,Movie,United States,Sci-Fi,TV-MA,2010,2021-12-04,143,7.4
NF0977,Netflix Title 977,TV Show,Brazil,Crime,PG-13,2021,2024-06-05,5,5.9
NF0978,Netflix Title 978,Movie,United States,Thriller,TV-MA,2010,2022-02-09,169,5.6
NF0979,Netflix Title 979,TV Show,United Kingdom,Thriller,R,2016,2020-12-18,5,8.6
NF0980,Netflix Title 980,Movie,France,Sci-Fi,TV-MA,2013,2021-11-11,175,6.1
NF0981,Netflix Title 981,TV Show,France,Crime,TV-MA,2024,2022-09-20,4,6.7
NF0982,Netflix Title 982,TV Show,United States,Romance,TV-MA,2013,2024-11-03,7,8.9
NF0983,Netflix Title 983,TV Show,United States,Crime,R,2025,2025-10-03,10,8.4
NF0984,Netflix Title 984,TV Show,Canada,Drama,PG,2010,2024-09-24,10,6.8
NF0985,Netflix Title 985,Movie,Japan,Sci-Fi,R,2013,2025-07-19,139,9.3
NF0986,Netflix Title 986,TV Show,France,Sci-Fi,TV-MA,2015,2023-03-25,4,7.4
NF0987,Netflix Title 987,TV Show,Canada,Animation,TV-14,2020,2025-04-02,3,9.0
NF0988,Netflix Title 988,TV Show,Spain,Romance,R,2015,2022-04-28,5,8.3
NF0989,Netflix Title 989,Movie,France,Action,TV-14,2016,2021-10-02,137,7.5
NF0990,Netflix Title 990,TV Show,France,Documentary,TV-14,2016,2020-07-11,1,6.9
NF0991,Netflix Title 991,TV Show,South Korea,Action,TV-14,2011,2020-09-17,6,7.2
NF0992,Netflix Title 992,Movie,India,Animation,TV-14,2025,2022-11-22,103,8.6
NF0993,Netflix Title 993,Movie,Germany,Documentary,TV-14,2013,2020-07-25,178,9.3
NF0994,Netflix Title 994,TV Show,India,Comedy,PG,2013,2020-06-20,9,5.9
NF0995,Netflix Title 995,Movie,Canada,Romance,TV-14,2019,2024-12-13,157,7.5
NF0996,Netflix Title 996,Movie,United Kingdom,Romance,PG-13,2014,2021-05-18,168,6.3
NF0997,Netflix Title 997,TV Show,United States,Thriller,R,2020,2023-03-20,9,6.2
NF0998,Netflix Title 998,TV Show,South Korea,Sci-Fi,PG-13,2017,2021-09-12,9,7.2
NF0999,Netflix Title 999,Movie,United Kingdom,Sci-Fi,R,2023,2025-02-22,169,7.6
NF1000,Netflix Title 1000,TV Show,United States,Crime,TV-14,2010,2025-10-20,2,5.8
